text_cleaned,depression_score
I get to spend New Year is home again alone and lonely. ??,0.44333
"Depressed and lonely Stuck in a deep, never ending hole",0.8
Learning to pretend to have a good time had become a natural skill. I hope one day it is genuine,0.11
So far he stop texting me after I said something so hopefully he doe not show up at my house,0.25
sigh ?? I have not cried so much I am in so much pain,0.44333
Thank god the last presentation is over! tomorrow is our last day at uni this year. We really need a few day off.,0.0
"No, I am not wouldepressed because of the weather, I am depressed because I have depression sicknotweak",0.66667
Very sad day in Edmonton! Praying for all who lost their lives.,1.0
Losing my uncle after the wedding it just..I dunno,0.33333
Nobody care in real life and nobody care here. I am gonna stop sharing my nightmare to people who are more worried about like than actually helping a person out.,0.42571000000000003
"is dangerous. It s addicting. Once you see how peaceful it is, you don t wanna deal with",0.466
How come I see no value in my own life..? It feel like I wa born this way seeing no self values.,0.2
"Sometimes I want to apology just to make thing better. I have nothing to apologize, very opposite of that, I deserve an apology. But my heart smell of loneliness and desperation..",0.22167000000000006
Been kicked to the kerb by a big company yet again in my quest a decent job,0.0
I have come to the realization that my phone is not going to make it through the day.,0.0
Absolutly shocking service from especially when owed Expected better from a comp Ive dealt with yr unhappy badservice,0.2
I am so ready to take off my sneakers. They hurting me ðŸ˜­,0.55333
"This journey to become a YouTuber is not easy for me. I walk with a purpose to fix me. To record it, edit it, then post it for all to see ai not easy. I do it for the one person that needed the message not the haters.",0.25
I just do not want to participate anymore.,0.0
The incredible Dr. David Feifel and I. Would not be alive if it wa not for this man! Such an amazing person!,0.22
Honestly cannot trust anyone at this point. ??,0.0
"?? ?? ??, ?? ??, ??! how can I understand that shit?? why is that so fast? ??",0.33333
Can I just stay in bed and do nothing? I am not feeling life today..,0.66
"Yet another sleepless night. I record comfort stuff. Will be watching the Hairy Bikers and A Place in the Sun until the wee, small hours. With my little dog ?",0.33333
That moment when you get blindsided by something you wa not expecting now in a state of total disappointment heartache..,0.55333
when can I really respect and love myself more than anybody else?,0.0
Crying once again I have something repeating in my head over and over I am cry,0.55333
Done absolute fuck all the last day,0.0
"it suck when you fall hard for someone, and then they just leave you like it wa nothing.",0.33
Sometimes love is so painful it eats you up until your nothing,0.5
"Riding the metro into , the feeling of is palpable this morning.",0.0
Just want to stay in bed all day..,0.66
When you feel like shit and have no one to vent too,0.5
Starting to feel really anxious and sad and empty.,0.44
"And now that Im having the other way around, i feel so upset and sad",0.33
Why it is simple to just stop texting,0.5
Have to work everyday for the rest of the year,0.0
"I have been in a funk all day, just feeling a little down",0.0
It is weird that I get x more depressed over Christmas break every year.,0.665
"Anyway, I walk around the house, and I try not to look at things, try not to think of her. But that is all I can do. All I do is feel this deep pain, this deep longing. I see her again. I remember when I wa in Germany, and she left.",0.27091000000000004
I am gonna see you one last time,0.22
Going through are like going through .,0.0
"Well, goodbye gents, my life is over..",0.0
"So sick of having the same new year resolution.. To get hitch, get love and be happy..maybe will be just staying alive..",0.29
When your scare get re opened an it like pooring salt in them. I hate this feeling. All the pain im in again,0.7959999999999999
Going to have to say goodbye to our beloved pup in the upcoming weeks.,0.0
"Here it is, am, and I am wide awake. I thought wa supposed to know my as out? Instead my mind is racing.",0.0
That moment when your depression kick in even more..,0.5
"She would have some understanding. But noone, noone is there. People have their own life and their own busy schedules. I have nothing but time. Time to think about what I used to have and what I no longer do have. I think, if I could only be with her again.",0.54
A boo would be nice but nobody love me ??,0.22
"It used to be talking about nothing for hours, now it is just not talking. Really, what happened??",0.0
I just want to watch One Punch Man and not get out of bed.,0.0
I can tell by the end of the night I am gonna cut my arm,0.665
I want this to be a good day but this monster keep pushing me down,0.25
Forgot my cheese cake at work,0.66667
ha ðŸ™ƒ ha ðŸ™ƒ i just realised that i have never actually been to therapy and i still do not know if i am depressed or just sad all the time,0.464
i feel like i am a prisoner of my own life.. like a if my life wa a jail and i am doing a lifetime sentence,1.0
It is AmazonPrimeDay! And I am broke. So in reality it just another day for me depressing,0.55333
Being lost in my own mind,0.5
Ke na le problem le guys.. there are way too many of u in the world to have some people find themselves lonely and alone.,0.8866700000000001
"If there is one thing I hate, it being ignored. And everybody seems to be doing just that. Ugh.",0.44
It is funny at night I hate sleeping but sleeping help I just feel so dead now is there an explanation to this feeling?,0.23714000000000002
i would kill myself if it wa that easy,0.165
My best friend died year ago on this day in a car crash. Y after year is it still killing me. Literally torn up Need HELP,0.52286
being all sweet and nice to a guy then realizing how he never really deserved any of it ?? ?? story of my life,0.0
jfc ANOTHER bad morning I dont even have anything to be depressed about oh hang on leaving me to fester under the poverty line for year,0.4
"year old woman wth chronic pain, and I have noticed that I am not breaking down cry everyday, my mood seems to be more positive and the intense, intrusive thought are not a strong. It is only been micro dos but I feel like I am seeing some improvement.",0.29556
I hate it I hate it I hate it I hate it I HATE IT LIFE I HATE,0.66
this year wa fuckd up I cannot wait for it to be over I hated this year still depressed hard time getting over it ?? ?? fuck,0.398
"I do not know anymore who I am in life because of my parent . I do not know if I still own my life the fact I feel shallow. Why doe life always seem to be unfair , to the point u feel nothing.",0.4
"When bad dream come true, got me feeling like Crapulet",0.33333
"Suffering from serious depression ?? Sucks my plans, time everything ??",0.7320000000000001
"Depression..SUCKS!! I would NEVER wish this on anyone, it just..sucks. Tired of it controlling my life, I really am??",0.66333
And literally or more thing that wa the reason to live and how to not be but wa not really AT ALL. A for intent tho.,0.0
A lot of people but they do not know me well.,0.0
"So, apart from one minute medical appointment, I have not seen or spoken to another person since Sunday.",0.25
"Had to listen to someone tell me how wonderful his Christmas was, dinner, games, etc. Then he asked about mine.",0.0
I went to church with my mom and a huge chunk of the sermon wa basically if you are it is because your faith is weak and .. this is why I do not go to church or tell my mom I am on antidepressant ??,0.28570999999999996
Let me just sit here and wallow in self pity,0.55333
"Feeling okish one minute then ?? for no reason what is so ever. Psychiatrist wa right chronic depression give no warnings, mood just dip when it feel like it. Top it off anxiety is at a high too.",0.333
I am watching my show and it still not keeping my depression and anxiety at bay. This stress is crushing me,0.665
I guess it is because I am not feeling well that I feel so low. Throat is starting to flare and I cannot cope with it right now.,0.33
yeah I watch depressing film like cyberbully because I am sad and I can connect with it,0.532
Tripped hard today! This is promising!,0.165
Dear Life Please be gently to me.,0.0
How would you feel if your parent were to argue each and every single day?,0.0
So just been looking at profile of my other half is family account on Twitter and i am extremely depressed that my life is full of ChronicPain. I am not living a normal fulfilled life like they are. Why is it taking over my existence..?,0.14286
"People Just exercise, you will feel better. Full depressed me k bike mile shower curl into a ball and weeps",0.14286
"Live a normal life and have friend and go out and have fun, believe me. But my etc all stop that. Not by choice??",0.125
"They say life is short, but I am bored already.",0.5
Only the insecure withhold praise of another is achievement,0.5
hate seeing a shit photo of yourself and you think is that what i really look like ??,0.7733300000000001
Super depressed for no reason! Yaayy. Screw my life lol,0.4
"they do not see me when I am cry running a blade down my ankle, maybe then they would think twice before they said what they said",0.7320000000000001
I have literally been in the bed all day.,0.0
"Felt good that I wa at least able to get my laundry started, but have not done anything past that. Though I have at least fed myself today.",0.22
That feeling when everyone is just giving up on you but you are still fighting for them..argh,0.0
"Guys, I have nothing to live for. I am tired of living here. Even my friend could not cheer me up.",0.3325
"The worst thing about is that it tease you thinking you are getting better, but then it drop you back to the bottom harder every time. I wish I could just be happy..",0.0
"Over the past day I have drank bottle of beer, pint of cider and half a bottle of prosecco.",0.0
I am having trouble catching my breath.,0.33333
Hello darkness my old friend I have come to talk with you again..,0.22
I think my habit of reading with morning is the root cause of the feeling throughout the day! specially in,0.25
Mentally suffered iwanttodie worthless lifewithoutcolor pain suicidal,0.332
Really just want someone to talk to late at night. Someone who understands,0.0
Weighing myself after the holiday wa a terrible idea,0.33333
No more scioly for the rest of the year,0.0
"And I walk around the house and sometimes I think just momentarily that she will be back to take care of this or that. And I realize she will never be back. She did not go away on a trip. She did not go away on vacation, she is not at work. She did not go to the store.",0.03667
"I made this account so that I would not be judged by the people I know. Cause if I do not like me, why would anyone else?",0.0
Honestly I would not I get why im the last choice for everything ??,0.165
"This time of the year is USUALLY full of excitement, not for me",0.22
"How do you put your heart and soul into something for years, and get treated like you do not exist there?",0.55333
Her You?!? Depressed?!? But you are ALWAYS SMILING!! Me Right. I have learned not to go out in public . It is not safe out here.,0.2
Determined to cut the string but have no scissors or knife and I am too weak to break it.,0.33333
I am cramping so fucking bad but bb boy is not here to rub my tummy. ??,1.0
I shouldnt let it bother me but it does. I hate night like this when my thought wont leave me in peace.,0.33
Really thinking about killing myself now,1.0
I am feeling a little down.. Time for bed.,0.66
This day ended poorly. i ended up calling Sally a royal pain in the as which I do not seem to think is very bad. Whatever tho,0.6
"I feel like it again, it is been so long since I have been life this. I want to but I do not.",0.0
Why do people have a constant desire to talk to me? Ca not y all just leave me alone to be miserable and wallow in self loathing?,0.332
I have to pick up all the piece of my heart dignity! All over again .. by myself .. that is so pathetic humiliating .. ?? ??,0.25
Need to get out of this godforsaken place,0.22
you are broken into thousand of tiny piece and will never be put back together again.,0.33333
Why do not people listen?,0.0
My sister is having an emotional breakdown about aging and death. Something she did not take me seriously about a few month ago,0.25
Why is my life so cruel??,0.0
Well after inviting everyone.. No one is coming..,0.0
My mom said she wa going to take me to the hospital so I started freaking out. Threw up on the living room floor. Not much the hospital can do for me so what is the point of going?,0.332
Today I ate month old rancid meat because I forgot what month it was. .,0.5
"My Anxiety Disorder, PTSD, Depression are real and today I am battling. My happiness is fading and my brain is messing with me so badly, I have been trying hard not to cry, trying hard just to stay positive but I am struggling.",0.525
I feel like he lost interest in me he doe not text me back cry suck when he saw your story on snapchat,0.332
I have just ate bag of sweets. WHAT IS LIFE,0.0
I feel like I do not have a purpose in life.,0.0
I feel so fucking alone tonight I just do not even care about living right now.,0.8300000000000001
Little thing that affect you massively.,0.0
"tbh, I am NOT that Excited to celebrate Christmas because of my disappointment - -",0.165
"As the day draw near to the end, I feel a though I am suffocating and losing a piece of me. It never should have come to this..",0.532
I guess I am just not the kind of person you wanna hang out with..,0.0
No surprised so many with struggle so much when the only help you get is take drug and if they do not work take more,0.56857
Silence might be suffocating and unbearable but you cannot deny it comfort when you need it the most.,0.555
"I am sinking so fast, I do not even know where to start to save myself.",0.0
Apparently a mosquito bit the inside of my thigh and all I can think of is how that is the most action I have had in months.,0.0
"Just a thought, have I become afraid of things, safety in routine, what I know? ?",0.415
I hate my life it never going get better depression is hell I feel no one understand me I only understand myself,0.47429
everything is coming back to me all of a sudden. This .. is not a good feeling at all,1.0
"I know I sound like , hot mess. But I just do not know I am related to such mean .",0.25
Wish I had took holiday instead of being at work,0.0
surrounded by winter and constantly aware of it,0.5
"i am just a lil boat in the middle of the ocean lost, alone, always getting battered by force beyond my control",0.5
A lot of and people out there looking for but cannot find it..,0.0
Ever feel like just not eating..or drinking anything?,1.0
"Sigh ?? another year coming to a close. For the first time in a while, I want to be alone.",0.398
"It hurt to know I am practically invisible to you now, that I am more of a bother to you then anything else.",0.44333
"Its been year of journey, I never expect you will go from this earth today pet is! feeling depressed",0.2
I screwed myself over today by refilling my medication holder with the wrong amount of Zoloft. WTF self. That wa dumb.,0.44333
thank god this year is over tonight I hated this year so much had very bad year this year fuckd up year ?? ?? ??,0.66667
. I really do not want to interact with anyone in person today.,0.0
This night wa supposed to be fun but it really not..,0.0
"I wa not, am nott and will not be enough",0.0
is my least favorite thing about life..,1.0
My kid really spending Christmas without me lmao I am liable to hop on a flight,0.5
Often I go to bed a soon after dinner a seems adult I mean I try to wait for dark in order to push away from the massive pain in sleep is frail wicker coracle.,0.599
Not looking forward to New Years Eve. Going to be alone. Makes me depressed just thinking about it.,0.6
"physical wound heal, people forget what happened to you, how hard you have to fight the demon inside every day. I wish people could see how hard every day is for have of my brain missing, some day are bad..",1.0
I could prolly ball my eye out right now..,0.0
Do not know why I feel so today.,0.0
No job. No car. No money. No worth. .. .. .. That is kinda where I am right now.,0.0
"No matter how hard I try, I cannot force her memory from my mind. As much I loved and love her, I do not want to think about how much I miss her. She wa the person I need the most when I feel this way. She would talk to me, she would spend time with me.",0.1375
I am the same way the Jews were depressed right before they LEFT !!,0.5
AM where do i begin? cry off my face again.,0.66
Just hoping that will be better. That would be great.,0.0
oh crap..I lost on poker game yesterday,0.25
"It is turning into a feel like cry night but cannot, mm. time",0.66
Waste of time at the GPs this morning regarding and feelings. Given some number to call for NHS self referral counselling which ha up to a month wait ?? The attitude is a get on with it or change area of your life you are not happy with ??,0.59
Anyone want to talk? I am feeling depressed,1.0
"I give u all u want when I say Omg look! I always get late reactions, or you just straight up miss it.",0.33143
No haircut today ?? Work in a bit smh,0.0
Ca not believe I am missing my favourite night ??,0.33333
You do not understand until you cannot stand your own presence in an empty room.,0.165
Working New Years Eve ??,0.0
"I almost rear-ended someone stupidly bad earlier because my brain, and body are so exhausted, mentally and physically. My anxiety ha been so bad today. Its been a struggle..",0.76143
I honestly do not even wanna go to work.,0.0
Depression and man flu good end to the year,0.55333
i miss being because now im and,0.0
"Nobody understands, I do not even understand most of the time..",0.66333
"My brain caught a bug, Or maybe it wa my heart, Darkness give a fucj",0.264
Fighting with exboyfriend- Me I need space. Him Maybe if you did not take so many meds.. Me hahahahahaha,0.0
My Worse Fear About This Whole Thing Has Cane True.??,0.44
"With all of this unnessary family drama, I feel like moving far away and starting over again. From one thing to another I just feel . Hope I get through this",0.332
When you feel like a stranger in your own environment.,0.5
Lost my job month ago. Broke my back week later.. bank account laugh when I need to pay bill or buy food.. I will keep fighting this up hill battle till I cannot but I need a vacation to reboot or find life!,0.33273
I need an IBF and takers..,0.0
"Amazing how you can be so fatigued and unmotivated, then a few sweet word of encouragement can mobilize you in minute to leave the house. Words like He did not deserve you or You can get better. Or Chinese food buffet. I am not proud but that is where I am.",0.27666999999999997
"Someone ha told me, You have very pretty eye and a smile.. but it is hard to ignore the Hurt, sadness disappointment behind it. ??",0.28429
Have u ever felt so u feel like u have to throw up ??,1.0
What should i do with my life..so many thing that i should do but so many thing i dont wanna be doing,0.0
Found out the peraon i liked wanted to that someone else sadness,0.44
Back to the same stage where I wa once in the month of May-June! I wish I could delete year forever!,0.5
Today is just Monday and I have one this week before going back to wat I call a nightmare SCHOOL!!,0.33
"Sleep always make the pain go away. It might not be for long, but at least it is gone.",0.5
I used the wrong fowl sorry I am a disappointment please killme,0.665
"I am having a good day today, might have a terrible one tomorrow, but I just want to remember that at least I had a good day. It is so easy to forget",0.28570999999999996
When you are so unbearably lonely that you want to die.,1.0
"Everyone tell me the pain will fade. Maybe I do not want it to, it is the only thing that still connects me to you",0.33333
"Despite being physically very unwell this past week, I am mentally feeling very strong right now. Genuinely excited by the opportunity to kick on now and make the most of life. Overcoming one step at a time.",0.18444000000000002
Laying in bed at pm. Yesterday is therapy session hit me harder than I thought it would.,0.132
I feel like I am just waiting for the day to be over to get to the next day so I will be one day closer to my life changing.,0.22
If my life is goin to continue bein this boring then am definitely not ready for,0.55333
I am screaming in the inside and I do not know how to make it stop,0.415
Life can be so lonely sometimes.,1.0
I am so damned sick of the near-zero degree temperature we have had since Xmas eve. I just want to be warm again..,0.415
Well i guess no clockwork for me ??,0.0
I need to work on being a stronger person emotionally,0.0
Well it is New Year is Eve now?? tbf I do not wanna celebrate it ever again never EVER happy on NYE ??,0.0
"Always here, right? I would like to see five of my friend post this message Not share to show u are always there if someone need to talk. I think I know who will. ?? kill ??",0.19
"God, people victimize me and put me down. Like what did I do to you? Are u jealous or? My whole life man like why fkin me",0.8866700000000001
"Feeling really down today, guy ?? not posting much but my dm are open if anyone want to chat.",0.0
i just need for someone to rub my head tonight ..,0.33333
Really wish the gym wasnt closed tomorrow ..,0.0
Some day I do not feel like I am giving my enough ?? I am not loving them enough hugging them enough telling them how much I love them Enough! And it really upset me to feel a failure at the one thing I should get so right and it often feel so wrong. Hurts alote,0.398
It always hurt to be the one who cared more ??,0.5
Music is my refuge. I can crawl into the space between the note and curl my back to loneliness.,0.0825
I m so stressed and frustrated right now. I m not about this.,0.495
Is it bad I am thinking bout saying fucc work and Gettin Drunk aGain,0.5
Working on the day before new eve is day.. Oh how I miss my childhood and those long christmas new year breaks..,0.0
"If Russia, Saudia or Iran want to use an extra man to die for them in any battlefield anywhere in the world would happily join,",0.198
Bout to cry ðŸ˜­ I just wanna sleep I hate this job ðŸ˜©,0.165
I wish I had a way of dealing with the pain. Instead I just cry and and hold my sleeping child,0.332
every time i think abt hobi cry i start cry,0.66
"Starting to feel better but still probably take me a couple more day to get better a mood do not go overnight, it sure a heck take some time.",0.29333000000000004
The amount ae fucking spot I have right now honestly make me wanty cry ?? ??,0.332
Come on. I took an extra mg of medication and and are still kicking by butt today. Think I am just gonna,0.165
Why cannot the voice in my head shut up?!,0.0
"If ME is too light enough to float in the air , this ME will fall down to the point called suicide.",0.5825
Might a well just sleep ??,0.0
They leave you with so many unasked and unanswered questions.. Grandparents sadness myroots abuelitos,0.66
Spare a thought tonight for all those suffering from - it is not easy when you feel down and everyone around you is celebrating.,0.6
Tonight ended exactly how I did not want it to,0.0
When you wished you never woke,0.0
And the big black dog sat beside me and reminded me about ALL the pain and how chronic pain work whole year ahead,0.4
Not a new thing Am use to it feeling lonely,0.8866700000000001
Why do you cut your ankle? It is easier to hide and I cannot handle people finding out they will pretend to care and hurt me again,0.66571
"This morning I have got my anxiety, and it wa so fucking sickk bro",0.665
I am starting to lose faith in me getting better..,0.33
I do not know why but I am suddenly very ??,0.165
"Everything seems wrong and I do not know what to do anymore, it is just so hard",0.33
Wish there wa more to my life??,0.0
Crying so much I fuck up he is just reading my message,1.0
"If all the light in the world were turned on, I would still be shrouded in darkness",0.22
So the guy I like pretend to liked me sigh hating life a lot I feel like I will never be happy again,0.275
"I always hated suicide. But now that I think about it, it seems comforting to try.",0.532
I am the blue ball.,0.0
Achieved none of thing I would planned to do over holiday period. Ca not get motivated to be honest do not see the point.,0.2
All I want for Christmas is my daughter to come home ?? is that to much,0.0
I just want my space and my life ??,0.0
"Reading poetry on the subway is magical. ?? Oh, did I mention I am thinking of you.. ??",0.0
Loading my pipe and smoking this depression away,1.0
I see so many people moving forward with their life and doing great thing and here I am doing absolutely nothing??,0.0
"When you have gone through many betrayal and disappointment in your life, you realise that it is better to keep people a few foot away from you.",0.0
Ca not wait to be rid of,0.5
"Came home from vaca seeing a run over kitten in front of our house, which died hour later after incurring severe loss of blood.",0.27666999999999997
Bro it deadass suck when you try your best to make one person happy and end up letting everyone down disappointment,0.18857000000000002
I feel I shud not b here,0.0
"How can someone be happy at xmas, when you cannot be with the one you love?",0.0
I wish I wa not Here. I cannot take this much longer. Feel worthless. Do not know how to change things.That is what is like,0.0
"I do not want to be here anymore, and nobody would care if i did go, so why am I still here?",0.0
Headaches suck after cry so much but he finally texted me??,0.33
"The world I wa raised in there is no give in take just take,take,take,take,take,take,take,take even when you do not think you have anything left to give the world want that to. I could go for some positive vibe today.",0.56714
Bought a lottery ticket again for tonight in the hope I will win enough to escape Saturday til Monday to clear my head a bit,0.0
Lately - nothing ha been going right .,0.0
So dat i cn hv mah best lyf ever had n my hand i d not wnt see myself a man n future. So i wish me having.. Cntd..,0.0
It is so sad when you talk so highly of someone then they end up disappointing u and making u look like a pendeja,0.745
Feeling like a worthless piece of trash ??,0.0
Christmas just ai not what it used to be.,0.0
"I am , , Crying, and just feeling fucking Lousy today. I need a friend today to Perk me up. Hopefully. or least lend a ear.",0.33333
"Something I am trying to do now - but not succeeding. Thinking of totally abandoning all my plan for Kindness Collective, Camerados, Friendly Bench etc and retreating back into my flat and never getting involved with anything again.",0.33333
wish thing were not how they are now. This year ha had so much heart trauma. Makes my head spin for hours. Ugh I miss you,0.0
So I am trying to help myself. To understand my depression. I am reading a book named The Chimp Paradox. Amazing book but I have a lot of therapy to do ?? Brain training. I will get happy.,0.232
"I cannot get through this without pain and suffering. And I will just keep on talking, trying to make my way through every day. I love you Debbie.",0.264
"Looking for some beautiful images. Having a really crappy week, and need some support. . Post some great beauty. Thank you.",0.14286
Ugh my arm still hurts!! I just want this to be over and to get back to my life.,0.532
Ive no one to talk to at this hour.,0.0
"Even if I should decide to enter into a new with a new guy, who would want me now? I am a , excuse of a person.",0.0
"If Danny think I am depressed because I ate calorie of maple syrup, then he is probably right girl coming through",0.66667
Any suggestion for helping recurring ?,0.33333
this year wa fuckd up I cannot wait for it to be over I hated this year still depressed hard time getting over it ?? ?? fuck this,0.398
It is lke everyone around me is feeling all festive and there me like all and with me lkke sky high not feeling festive,0.0
wave white flag I completely got up on the bottom side of the bed. I am trying to do everything to feel better.,0.0
"again, my oldest, only friend.",0.0
Why do I always feel the need to document my attacks? So I look back and see how dumb and helpless I look? Just a bad one. Have not had them in a while. I need tip and trick to shorten them.,0.24833000000000002
Having a bad day nightmare,0.5
"Hewwo, I am kinda feeling down. I do not think I am ever going to be noticed a an artist. I promote and such but I am not sure what would draw attention to others besides requests. Which is fine but I am not really making a name for myself. And I hate it.",0.38
"I do not have any new year resolutions, just a prayer that something will take my life this year",0.665
So not in the mood for all this Christmas shit,0.33333
Getting ready for night shift tnite!!,0.33
Wounds and scar look beautiful on my body ..,0.22
You know life suck when you just want your mom to kick you out just so you do not have to deal with bullshit anymore,0.4
Why is it always my fault? ?? ?? I am so done with life. I cannot do anything right. ??,0.5
"Not keen on Xmas? Neither am I. Chin up, chest out n remember , beyond the hype , it is just another day. . .",0.22167000000000006
I just want someone to look at me and be proud..I want to feel loved again..,0.165
First yr not being around my dad on da holiday n it is breaking my heart I wish he just call me that is all i want Christmas,0.0
Depression suck getHelp,0.5
"I am very sad and I feel more miserable than I can say, and I do not know how far I have come. I do not know what to do or what to think.",0.22
I do not have any gifs to suit my mood for once,0.0
Can people please stop posting pic with their families. Thanks.,0.5
WHO THE FUCK WANTS TO be my friend and talk about some random shit? I ha the lonelies ??,0.25
"I would do one of the friend of lists, only problem is I need friend to make that",0.132
Trying my best to function a a normal human being. Feeling like a zombie.,0.25
I am not gonna be his center of attention. His cousin will be. I want ur attention to. Ur cousin is staying till new year,0.0
"An email that will never be sent, a message that will remain unsaid, a voice never heard again. loss sorrow Friends",0.664
"I feel so sad because i cannot be happy, and that make me more unhappy",0.165
"As a writer, it always hurt me to write happy ending when my life doe not even have anything you can call happy since the beginning.",0.23714000000000002
Why must my mother marry this man,0.0
Gosh I needed this to lift me up! wa getting me down,0.0
Not felling the best right now.. Life and anxiety is getting the best of me??,0.11
I do not know but today is such a bad day. So much is floating around in my head and I do not wanna do anything. Just wanna lay in bed and cry over how useless and worthless I am. I hate my,0.33111
. I have realised you should not be ashamed to admit you suffer from and it is best out in the open,0.132
"Thought about more than once over the holidays, all I seem be doin is drink stay in bed",0.415
I feel so and a tad but I am afraid to call a friend,0.55333
Looks like it is one of those cry yourself to sleep nights..,0.33
I have slept the better part of two day away .,0.0
still feeling like crap. havent had a good christmas in quite a few year,0.0
"Hope is a better year for me, wa not good. Hope thing can go right in my life.",0.0
"I only miss the memories, not you",0.0
No more Twitter for tonight.. Today is officially my birthday.. and I wish I wa dead.. ??,0.33333
"Its the .., in South Africa right now I am literally alone on New Years Eve. Literally.",0.33333
When i just keep hating my life due the others that put an extreme pressure on me..,0.33333
can depression stop lack of promotion at work??,0.75
"Is everyone else in the world a idiot, or am I wrong THAT often?",0.33
Losing somebody that mean the world to you ?? ?? ?? ?? ?? ?? ?? ??,1.0
It is my st today. And about people actually give a damn.,0.0
"Annoyed, sad, disappointed. Can anything go right lately.?",0.165
"What is worse, I do not want her knowing my whereabouts. I am tired of the , the not being able to live life.",0.2475
Having depression is just like hell!! Omg,1.0
I have exactly one more month to enjoy being in my is.,0.0
I need friend on here so lonely talking to myself just mad this Twitter and need friend ??,0.16667
nothing happened to make me sad but i almost burst into tear like time today,0.664
ugh i am so unhappy and at war with myself,0.0
In my feeling tonite . tired,0.33
Really feel like shouting and throw things. I am just so vexed.,0.22
Maybe I will not see . I do not know.,0.5
Ca not sleep..got so much on my mind,0.5
"Omfgoodness! I have gained soo much weight, it is on like donkey Kong!",0.0
Do you ever wanna cry in a corner hoping the day go by faster?.. no? Just me? ?? ?? ?? ?? OK,0.22
I am so angry. Like I really hate it. suck it is not a simple a making oneself happy ??,0.532
"Hate having , feel like I am on an out of control roller coaster! ?? Keep being told isnap out of it - If only it wa that easy!",0.0
So tired to blend in ?? ?,0.33
Not having a good week,0.0
"you all depression ever made you stay home and cancel plan for weeks, but then feel like you are going crazy cuz you are home all the time?",0.415
Always that shit! I am going to be single like ever,1.0
Feeling unappreciated. I feel really crappy about myself right now.,1.0
Working with alergies is the most miserable shit in the world miserable alergies,0.58
Omg doorbell ring and I thought it wa him I hate anxiety attack,0.33166999999999996
"Gutted ,my slipped disk decided to come back last night,led in bed on Christmas Day while my family having fun downstairs",0.25
No love here..,0.66
I wa unaware this is how this wa gonna be,1.0
Have not seen the sun in weeks!! ??,0.0
When you have forgotten how to speak when you have not had anyone to listen to you for a long long time.,0.8300000000000001
"I am not suicidal. But I admit, there are moment where I wonder..",0.33333
We are just sad teen with a happy face,0.33
Back to work like nothing ever happened,0.0
My biggest wish is to one day have a true friend. To be accepted the way I am.,0.0
One thing that always make me sad is when I think about my life too much. The key is to keep myself distracted!,0.332
I could really go for a giant glass a milk and I have none.,0.25
Phone ring at anytime now . ?? ??,0.0
I lost in a maze. How to escape?,0.33333
"Feeling a little depressed this evening, wa wondering if this wa connected to my little drink or just coincidence",0.4
The day when I do not fuck up anymore is the day I will be successful..,0.0
"I feel like I broke myself. I feel fractured and tired and I cannot stop blaming myself like a broken record. I am finding it so difficult to just survive, but I am surviving and so are you. I guess we can do this",0.37375
Today just is not a good day for me.,0.0
i think i will be sad from today until year later..im not getting over this sadness,0.66
"You promised you would not leave, lie or hurt me. . . But now I am stuck being all alone, waiting for you to need me again. . .",0.33333
Never in my life have i ever been included. Then when I had my daughter i still never got included on my own . and now I have kid still it happens to me.,0.0
"Such is my life! Too many weekend lost this summer to the damn IBS! So, so sick of it!",0.5
"we all think about it, some more than others n n death sad depressed suicide",0.7320000000000001
The worst part of working is the due to f ed up melatonin and cortisol cycles.,0.5
Been left and grandma is house want to see mummy and daddy,0.0
this year keep getting more depressing and disappointing,1.0
"Go and see the hell hole which is Halton, now that will depress you.",0.75
Have to be skinnier. Have to be prettier. Have to be smarter. Have to be anything But myself.,0.33333
Depression bit me so hard it took me month to get back on social medium,0.398
Missing you this Christmas,0.5
"I am very unhappy, I do not have a girlfriend, I do not have a Boyfriend and I do not Like where I live",0.25
Guys!! I am im leaving Twitter!! Am blacking out! ??,0.0
I will choose to leave than to live..,0.0
I feel like I am annoying like Always,0.0
I feel like I am waiting for something that is not going happen.,0.0
Is it weird that my and turn bad when it come to ?,0.5
"It is a though being with her is depressing, but when we break up it lift and I go back to the source of the . Hmm.",0.66667
I need to get to a place where I can separate my disconnect from reality. So far the drug are not helping much.,0.28429
"That she feel good, feel no pain, is happy. If there is not, I will probably never see her again. Unless there is some other side, like hell. How she may get to that side, I do not know how that would be. She wa too much of a saint.",0.3325
i thought i wa getting better,0.0
Laughter is vital medicine if you suffer or . Have a giggle on me,0.332
"Im so glad you can look at me and say Im ignorant, stuiped, and worthless. Its not like I wanted love and support from my mother",0.2075
watching that video and realizing that I have gotten uglier depressed,1.0
Cant wear makeup for a while ??,0.0
no matter how many sad ghost man tear he is cry now! you are not entitled to forgiveness just because you are really sad now!!,0.56857
It really need to start snowing,0.0
"Using one of my favorite movie of all time to express my feeling is sometimes..more just validation than healing, I suppose.",0.415
Not making any plan to go out tonight is already proving to be a regrettable decision..,0.2
"It is suck when you do not know what is wrong, but you know something is wrong. .",0.264
U know what is very pathetic? The fact that I dearly miss my professor but they probably forgot about me already. sad,0.532
You wanna know what is sad? Having a broken family while dealing with a broken heart.,0.332
Why is it when girl got broken they cut their hair? depression always got me here i ??,0.66667
It is only pm and I am off my tit on alcohol,0.0
"Keep wondering how my life could have turned out, if not shaped by certain . Feeling .",0.0
Realized that not ever having child ha made me .,0.0
The st thing I do when I am is look up sad things. I think I need to be looking up happy thing instead.,0.33
"Ever reach a point in your life when you realize you will be broke in a couple years, and you just feel like IF MY BIG BREAK IS COMING, PLEASE LET IT BE NOW?",0.11
this year wa fuckd up I cannot wait for it to be over I hated this year still depressed hard time getting over it ?? ??,0.4975
"Making me so happy that I forget to be , and . Thank you, baby ??",0.25
My night wa amazing and awesome than it turned to shit really quickly,0.5
I thought when your in relationship with someone they are suppose to help build you up not tear you down,0.0
"God, please help me.",0.0
I am running out of time. I do not know what I am gonna do right now.,0.0
very depressed rn.. just got done cry my eye out againbut feeling very masculine rn..,0.415
Do not feel good at all right now no one to talk to,0.0
Am I drinking and being before going into work? You are damn right I am??,0.0
"Being back in my hometown, such little time I get for myself to be a I truely am. Feel so choked by pretending I am okay.",0.528
These overwhelming emotion are too much,0.0
Why did I have to run into the one person in tho world I do not wanna see today? I just want my peace!,0.0
Out drinking by myself self got that feel today bois,0.0
Been feeling so depressed today I think my problem is I have a big heart or maybe it the fact that I do care idk,0.332
I can be so emotional.. Way too emotional!,0.66
my whole day wa spent in my p-jays it now o clock and only now do i have to get dressed,0.66
I wish I did not feel like I bothered you all of the time..,0.8300000000000001
That dismissal ha me looking for a strong drink,0.0
talked about suicidal ideation with a friend last night.she confessed to having a plan of jumping off a bridge.I had no idea.,0.2
??When your day are grey and he get the best of you..even when you do not want to. ??,0.33
it suck that my phone got formatted earlier and all contact and apps are gone ðŸ˜¥,0.0
I do not want this year to be over,0.0
"First breakdown at work , more to come ill bet money on it",0.25
I want to leave Depression in ! I am bored of it now. I am dragging my black dog out for another run,0.4
When i have nobody to talk to. Nobody to rely on. Trap in my own space. Living becomes so meaningless. ?,0.0825
"The worst kind of grief, screaming crying, is when it is for no reason other than voice in your head and chemical in your brain",0.66571
"I dreamt the other day when I would see her again and be with her. At least see her again. I finally got to in . It took u two week to decide we loved each other still.. looking at the old emails. Or le than two weeks, I do not know.",0.2
Youve lost weight howd you do it? Depression fueled apathy toward food and life in general. I havent tried that yet! ??,0.555
how do people cry happy tears? i guess i have never really been truly happy?,0.165
"st shopping experience with , what a disappointment! Product still not shipped amp they might cancel the order now. unhappy",0.4
I am the most person whn i am at home i guess..cuz thn u huv enough time to think abt all the nonsense!!,0.22
Nobody ha ever felt a bad I feel today,1.0
"I Feel sick reading this, when doe it end? dread civil war? sad",0.56857
"The fourth day you did not refill your medication because the price wa too exorbitant, even with a coupon. return",0.55333
"Wish I wa one of those girl that ha a dad that would do anything for them, not a jerk of a sperm donor",0.11
Everyday I cannot wait to sleep,0.165
when you try your best but you do not suceed!! ðŸ˜ž ðŸ˜­ ðŸ˜­ ðŸ˜° ðŸ˜° ðŸ˜¢ ðŸ˜¢ Sad alone tear b bored boredtodeath,0.72
Its hard to fix my life when I am surrounded by negativity ..,0.44333
My dad beating my mom Me in the other room trying to distract my sibling so they cannot hear my mom cry,0.532
Sadness overcomes. Darkness beat light. Numbness is relief.,0.28286
"If I did not have to work, I would lay in bed all and talk to no one.",0.33
is a harsh illness I am a sufferer n wen your at your lowest it is hard to get back up again if u do have depression tell someone,0.42713999999999996
Just gunna sit here and chew til my gum bleed..,1.0
So my blood pressure is back up,0.0
Well I have made the step towards a better by admitting I need help,0.0
Doing absolutely fuck all tonight,0.0
I do not know why these whole thing are happening to me. I feel so and . I do not know what to say to my parent too.,0.0
I wish I wa not so emotionally all over the place. I feel bad people who have deal with me. I am such a fuck up.. ??,1.0
better care about yourself than about others because others wont care about you lonely sad depressed,0.66333
I need a job! Sick of Fredericton. Got to head west like everyone else,0.25
Ca not believe I am gonna end this year feeling like ?? .,0.33
"My phone is now strictly for music, memes, twitter, and YouTube bcx nobody call or text me??",0.5
"Personally, I do not have the energy to celebrate Christmas - -",0.25
My boyfriend told me he is tired of my shit. I keep on hearing that sentence out of a big fight. No one realizes that i do not want this shit. I wa raped by two men when i wa . And i found out my dad is not my real dad. My real dad wanted me aborted,0.60455
I could not be with people and I did not want to be alone.,1.0
Victoria secret ha a sale but my wallet is dry af ??,0.66667
I spent hundred of dollar on makeup online to cover my ugly face -,0.25
"do not tell me to cheer up w no friend i want to see , no gf, no pets, i am prob more than u are",0.4
I luv the fact how I feel so alone life suck as I love them and I luv how family is supposed to be here you well fuck it,0.14286
Well another day almost gone. So crawling back into my hole and hiding now.,0.5
"All I want to do is sleep. My dream are bizarre, but still an escape from my problems. Is this anxiety, depression, or both? tiredoflife",0.24875
how do i get my dad to stop looking at me like something broken that need fixing,0.532
I am sad depressed again it is my fault for not changing it.,0.665
"Very apt a I am currently sat in the pharmacy, waiting for my latest batch of drugs!",0.5825
It is time like this that the lord is testing me and I just want give up. Just kill me now!,0.49833
"Would love to stop cry sometime today, on my tenth cry ðŸ™„ deep sadness on top of food poisoning do not mix. miserable",0.51273
You know you are when a friend want to come upstairs to say hi and you cannot even fathom sitting up much le talking,0.2
Lord I know this is not of You. Please give me the tool needed to push thru. I refuse to give n the spirit of,0.42857
I miss my mom. The dream are too much.,0.0
"All up in my feels, today.. fuckk",0.0
"The darkness looming around u this NEW time of YEAR, we must strongly send away no longer live in tears. ?",0.33143
"I feel like a mess. God, help me fix myself.",0.33333
"Hate seein story on animal cruelty, why would any wanna hurt poor defenceless animal ðŸ˜© ðŸ˜­ StopAnimalCruelty heartbreaking worldsgoneMad",0.33143
"When I wa a little boy, I never dreamed I would end up like this. .",0.8300000000000001
"What I do not know is how to fight the . Lonely at work, lonely at home. Me, my thought and silence. You can build a very awful depression on it, doubt it that one can build a positive and happy person from a shit like that. But one can always try, I will. Advise welcome",0.33278
A few hour till .. If you told me i would still be here year ago i would have never believed you.,0.0
I miss my friend and family.,0.165
Have realized much of this is grief over thing not being the way want them to be. Social medium tear at wound so hard to heal.,0.61857
"Would it be considered getting dressed if I put on a bra and jeans? I could remove the robe too.. brush my hair? Mood low, so it wa a temporary elevation. I wish I could have enjoyed it.",0.0
Been feeling pretty shitty all day. I put it down to a busy week but I think it is just been an off day!!So I have had a hot shower washed and conditioned my hair put on a boxset still feeling shitty but I am trying!!,0.57143
Feeling so down on myself . . I have a lot of work ahead of myself but I need to do it,0.33333
Feeling a lil joyless miserable now tho ??,0.8300000000000001
You ever been so depressed you cannot even get it up?,0.8300000000000001
I do not know how much longer I can play stupid ðŸ˜’ ðŸ˜” heartbroken stupid sadness,0.6171399999999999
Feeling so UnLucky in life.. ??,0.0
How can someone who truly belief that there is absolutely no reason for them being here have the strength to keep living?,0.0
"Ppl think it is just so easy to change your whole life, but it is not. Ugh, money",0.0
Looked at a sparrow and thought about God is eye being on it.. shouldnt i find comfort in this?,0.11
It would be great to have a mother that listens.,1.0
Just ate half a tub of ice cream half a tub of clotted cream with a shit load of Galaxy on top,0.4444400000000001
I cant wait to disappear and get forgotten.??,0.415
Yes I have but I refuse to give up I am going to keep fighting,0.0
if I could I would feel nothing that is the truth and I do not care. the world is cold and life is not fair.,0.665
What suck is when you are talking to someone and start feeling good about yourself and then they stop talking. You are left wondering what you said wrong.,0.332
Not even in a sexual way but I am just craving affection because I feel like crap. I just want someone to hug me for a couple of hour and tell me I am going to be okay.,0.125
My day off work is almost over and I ve spent probably about of it in bed. Thank you,0.0
Not everyone want to see me happy ??,0.0
If i stay actually just changed me,0.66
"- From December , - January , Was The Worst Day is Of My Fucking Life ??",1.0
Sometimes I do not want to think because I know that my mind will definitely plunge into imagining the life that will never happen.,0.0825
"Dark place last year, I do not want to ever go back to that!",0.33333
"On this day of resolution and celebration, thinking kind thought for everyone fighting",0.0
I want peace. A life with no conflict. Do I have to die to find peace? isuck it up or commit suicide ? Is that my only options?,0.33333
"Emotional day, well time of the year for me",0.33
? Another step closer towards death.,0.5
I did not want to wake up. I wa having a much better time asleep. And that is really sad.,0.58
"I walk around the house and I see thing of Debbie and I think of her. I think of the pain she went through, suffered for so long. All those procedure she went through. Between finding out she had cancer and the pain. Having chemotherapy for a long time.",0.4320000000000001
"I am always uncomfortable, especially now that I have picked up so much weight. I am the heaviest I have ever been in my life. .",0.0
And I am starting to break down,0.0
one sec ur and the other ur,0.0
Woke up feeling AF. Okay. Guess that is how today is gonna be.,0.0
I do not think anyone fully comprehends how my back pain affect me emotionally.,0.25
Never looking for pity. Just looking for company and consolation.,0.33
Depression reality Trapped inside my skin and trying to tear myself out but no-one know I am trapped or see my struggle.,0.66667
Fuck fuck fuck fuck,0.0
"I feel like I am well-liked a well. I mean, I seriously doubt anyone would describe me a anything but kind.",0.165
gelo.. abis baca ini.. sedih jg yaahh.. it is a very familiar sad feeling and i do not want to be this kind of mother but sometimes i cannot help but feel like i am falling into an inescapable toxic cycle.. i just.. want to cry.. ??,0.498
have not been on Twitter all day.,0.0
One step forward multiple step back. Still no idea what I can do about it.,0.0
?? i cannot wait for the bridge to eventually collapse so i do not need to jump off myself. ??,0.132
Forgot to take my SSRI yesterday. Did not notice it that I did not take the meds. Let is see what side-effects the day brings,0.2
Sucks when your alone in a big world,0.66667
Setback after setback after setback,1.0
I do not remember the last time I have cried this much from being sick. ??,0.664
really wanting to end my life right about now.,0.22
Ca not for one moment think why I have never had a girlfriend. ??,0.0
Feeling depressed. Need to find who i am and job wise,0.25
Hi I will be gone for a while stay strong,0.33
Found out something today apparently im a bad person??,1.0
This night went to hell cannot I ever shut up,0.5
Im like lost without waterfowl hunting or bowfishing.,0.33333
I miss those day whn i used to forget bout my worry by jst talking u..i miss u badly mere jigrii..??,0.8866700000000001
"Have you ever felt so and , that you had horrible thoughts?Who do you turn to when you have no one? No one you can trust",0.33333
", , ,.. Stfu You are only You just started your life",0.0
for me is the past year of lie and deception!,0.33
"Be vewy, vewy quiet. I am hunting my low self esteem, you wascalwy depwession you. Or, why I do not own a gun.",0.22
That moment when u really need a hug bt u alne and t midnyt..will jus hug a pillow instead..,0.0
"Only difference being that now I hurt more than so, because led me to vertebral, sacral, radial fractures. GG N .",0.5
"Laying in bed eating dinner for one, watching netflix! Surely there is more to life?!",0.0
Balling my eye out because I only have day left with Zachary and I work..??,0.0
Feels like no one want to talk to me,0.0
"Silently screaming for help inside, wanting to die and wishing someone would see and help me",0.23714000000000002
"Ending the year the same way it started, depressed. Here is to a happier, more positive year!",0.33333
I hate this emo and this feeling fake smile,0.665
Me My check engine light is on. Mechanic Which car? Me No I said mine.,0.0
Omg why doe everything have to take so long?? If it is my call it should be quick. Just want my baby girl back.,0.38666999999999996
"Makeup on, comfy yet nice looking jean and top on. Ok, we can do this.",0.2
"Too ill and broke to go out tonight, so gunner sit in order fish and chip and watch it on the telly! ?? ??",0.665
I give up! simple unhappy fedup,0.33333
Sometimes I just wonder is it all worth it,0.0
"I do not give two shit anymore about anyone who cba with me, your like the cancer that is killing my nan so Fuck you",0.8
This last year ha been the most mentally emotionally draining and exhausting year ever. I am just not the same person I used to be since he left me??,0.198
I wake up everyday wishing i did not..,0.0
Manic depression ha taken by soul I wish I could all this pain away,0.5
when u want bae to be bae but he cap ur relationship at fam,0.0
I wish the best to those dealing w an internal struggle like mine. I know how hard it can hit at times.Depression hurts.,0.44333
I dont usually feel much..but when i do..it suck so much,0.0
I thought leaving would make it better. It did but then it got worse .,0.55333
Broken As I take this shattered glass And run it down my skin I hope for you the best In your devilish sin,0.52286
DA NEW YR ALONE I AM BCAUSE OF WAT HAPPENED ME ND NOW YA LL WANA MAKE MY WORSE!?!I VE TRIED MY BEST GIVE CHANCES I,0.27666999999999997
Only thing I have done today is brushed my teeth took a bath ..,0.5
This loneliness is a black hole in which I cannot seem to escape..,0.44333
"When I meditated and wa healthy, i wa much happier and contented..when I had my stroke in the is, le so. With my malady and burnout last decade, even more le so. The wa pervasive. Discovering this technique gave me some emotional control back..",0.33273
"Why the fuck am I hanging on this long, why do not I just kill myself? Oh yeah because I still have false hope.",0.266
hi i cant get out of bed because im,0.0
HealthTap I have not eaten anything all day because I feel and low What should I do?,0.0
I am not sad. I am sick.,0.5
"Waiting for my ins. to kick in so I can get treated for depression. Until then, for a mere cent I can feed these turtles. They make shit therapist though. They keep telling me to drown myself in their pond so I can become one of them. It is not bad they say ??. at McGough Nature Park",0.43538000000000004
Ca not sleep.. been awake for hours! Still have not come up with an answer.. stressed cantsleep sotired,0.466
When you have single for so long and start to wonder do you even still know how to hug,0.0
"Well, I just had the most depressing dream. It wa when I finally found a beautiful girl to call my own, and we had a long, lovely kiss. ?? Only to discover..it wa only a dream. ?? Thank you, dream, for messing me up inside with a LIE!",0.15091
Just realized I wa too depressed yesterday I have not ate,1.0
One of the saddest day of this year for me ?? hope to get out of it soon ??,0.55333
"It doe not help that I live on my own in a bachelor apartment the size of a storage locker. I need to find a bigger, better apartment. ,",0.14778
Idk how I am gonna be able to go to lover I have to buy ticket with my own money and I am literally broke,0.165
"I do not want,to be bother such a screw up",0.44333
"Being so fucking composed all the time is getting tiring, I need to have a mental breakdown at some point",0.415
I feel so mentally tortured right now. Dunno what to do Feel completely out of control.,0.0
I am just going to say it. I am a complete fucking mess here! Seriously wanting to just run and kiss a certain individual. She know who she is. I cannot tag her in it tho. She is still my better half.,0.2
I am so sad I have to work on Christmas. My favorite time of year I am gonna be working or alone in my apartment ??,0.33143
I didn t want to wake up. I wa having a much better time asleep. And that s really sad.,0.464
today is my last day of cipralex - now on to the next drug .. ??,0.0
"i hate getting so sad to the point where my body completely shuts down, and all i can do is just lay and think about all my problems.",0.528
Applied to university already. Now I need my Fasfa and scholarship letter,0.0
People are so thankful for their life around . I get because I do not feel anything.,0.33
"I have never experienced more of an emotional rollercoaster like I did with my and than I did yesterday. Not since I wa at least . The guilt I feel today for how I treated my child is immense. These disorder are no joke. I am sorry and I love you, Bug.",0.22167000000000006
I really feel lk cry right now,0.66
Why do i always get treated like this..ugh!!,0.55333
"It is really so sad, these story about shootings. Makes me feel so trying to keep my head up and not crash down again. Z",0.415
I cannot even think about football let alone watch it this afternoon,0.5
"Watching Air Force One, good film but not paying much interest in it. Feel too rough",0.2
Anyone got kik? I need someone to talk too,0.0
Watching your video is a good way to remind yourself of why you are,0.0
"I am okay. , Thank you for staying when everyone else left.",0.0
"how much attention doe a kid need that he tag and on his instagram post, man up lil bih",0.25
That moment you miss someone and hurting over the memory and when you got a crush and looked like an idiot going to his dad for his number cause you do not know how to talk to him and looked like a bigger idiot asking to be good friend,0.22222000000000006
What I have to say about not posting since September is NEVER try suicide. Life is so worth so much more than a handful of pills.,0.25
When you feel like you have no friend at work anymore out,0.5
I decided to get fat over the holiday from thanksgiving to New Years. This is my last week of pigging out,0.11
Sometimes the most difficult thing for a person is facing themselves.,0.0
I am so fuckin upset rn. Not coming back to twitter for a while. I am so fucking done with everything rn. This sucks.,0.75
Will start this new year a I did last one.. Jobless and skint!,0.22
", every time somebody try to do something good, so much is fabricated that common man fails to decipher",0.55333
Honestly I could use someone to talk to..,0.33
Jus when something make you happy it fucking put you right back in your place,0.25
"Depression, a strange yet comforting company.",0.33333
No idea what to say to myself,0.0
Ca not believe this Christmas is going to be a repeat of last year.,0.0
I just had another one of my breakdowns. I saw it coming. I have been feeling it for days. Back in isolation I go!,0.33
"I hate this feeling, but I brought it on myself I hope that those I have hurt will not give up on me ??",0.332
"The deep I thought passed last week ha come back stronger than before. I need you, please just text me.",0.0
comment I have had tough time but I would never consider this is stigma this is ignorance ANYONE,0.44333
"AUTISM AND DEPRESSION .. I hate it when I get the feels.. If you suffer from autism, you will probably get this image..",0.455
I have not talked about hoarding and depression in a while. I am on a quarter dose of med now. And I am still a bit stuck with hoarding. Decided to try to do some removal for efficiency today. I found a dotmatrix printed transcript of from . Fullpost Twittr.,0.4320000000000001
"Why doe certain thing happen? What can be done to change this? Questions, are the worse.",0.55333
"Up at am, angsty about not able to exercise injury , desperate to run away on adventure .. Fucking, fuck Black Dog is hunting",0.33333
fuck that guy who made me feel like shit again. ??,0.5
..about of the rose gold ball have come off ðŸ˜­ devastated,0.0
I wanna die. Stop to cry.,0.665
Biggest regret till now - Ageing beyond teens!,0.33
"If I could, I would stay in bed until next Monday.",0.66
"It is hard not to be part of the , remain strong and get HELP",0.398
Today I decided to admit to myself that through all that I have been going through this year I am happy ..,0.0
"I am trying make a list of the ppl I twt regularly, so if u wanna b on it, twt me and say hi!",0.0
I hate not having a job.,0.33
"A day saturated with and . Brutal. Oh, the human mind. What an enemy.",0.33333
"Yes brain. This gloomy, sad, turbulent, low energy feeling is a sign of my certain death. Now is the time to get worried.",0.705
I cannot get myself out of this rut. I want to die. But I care too much about everyone else. So I will continue to be miserable.,0.33143
"Hope is beginning to leave my body, one step at a time.",0.22
And all the bullshit in your live end and nothing will bother you ever again depression,0.398
"Knowing you can help someone , but you cannot even help yourself",0.0
What depression mean Laugh outside down inside,0.5
"When I am at work and depressed dont say you look unhappy . I am here and working, what next you will go to Disney world and tell little kid that that it is not the real character. I am doing my best, do not shatter my illusion.",0.42364
I have had beer today and I am going to have more. It is gonna be a long day,0.0
Headed home from Dallas to bury my dog that we have had for years.. ??,0.33333
I am falling apart and no one care,0.0
"yr of saving my eye sight staying the same, i wa excited for .. Just found out im not a candidate. very",0.0
I am on my th or th beer now. God I am so alone please let me die. ? ??,0.5
I made a joke amp my boyfriend laughed but when I looked over he wa actually laughing at a video on his phone sad lt hurting brokenheart,0.44333
When you go do that it make me feel like I am horrible at it I am sorry,0.66667
No one understands me.. myself included..,0.0
Immature..and Trumpy. Sad one guy ðŸ˜• Does this represent the intelligence and moral depth of CPC ? bully notinmycanada,0.532
"Once she said you are my world, now she is saying not only you exist in the earth. pain heartbreaking",0.25
I just feelso defeated by life at the moment,0.0
Not only have I posted a blog post daily for month I have also filmed and uploaded a daily vlog whilst being severely,0.0
Really miss family day out,0.33
I know cannot just go and my will always rear it is ugly head. But I need to get better.,0.23714000000000002
"I almost died when i wa a baby because i wa in the womb for an additional month, i went while in the womb and it burned my skin, went in my mouth and i stewed in it for a while. I had to be rushed to NICU and they put tube in me. Sometimes i wish i didnt make it",0.66667
"is the thing which i hate the most and love to live with, for the simple reason that it keep my mind working and keep me awake",0.0825
I couldn t be with people and I didn t want to be alone.,0.5
I hate having being crush in love ugh,0.415
I am starting to wonder if is actually looking out for me right now. I would say why but I am too embarrassed. I am low class,0.22
"With my I find there is often a unattached feeling of despair that attache itself to moments, the more fitting a moment the more it expands. People then think it is the sad moment that is the issue, but even without that, the depression is still there.",0.264
"Being single is not that bad, you got time stay focus on your plan and goals, you do not even have to deal with drama. Until pm hit and loneliness come along ??",0.331
"You look tired, and a bit too quiet.. is it the silence of hopelessness ?",0.73
My head is been hurting so much and I lost my appetite,0.5
"So hard to fight the , especially during a chilly night with cricket singing!",0.0825
Im not really sad.. I just feel empty..,0.495
Sometimes i just want to be alone.. Forever,0.33333
Today is probably one of the worst day of my life and idk what to do,1.0
Ca not eat. Ca not sleep. Everything is just falling to piece ?? I am so tired of watching my world crumble,0.7320000000000001
I used to imagine I would hear something at the door. I would hear a knock and I would pray it wa her. Or I would hope it wa her. I had dream like that. I am not having dream like that now. I know she is gone. She will not be back. Ever. I sure love her. I sure miss her.,0.0
I dont know how many beer I have had and I dont know how many more im going to have all I know is im getting drunk,0.2
"Reading tweet about someone is death make me think I will die someday, maybe soon, who knows..",0.4
"THIS IS TRYING TO ME DOWN..DEPRIVING ME OF MY PEACE AND MY SLEEP. THE MISCHIEVOUS ELF REPRESENTS THE REMINDER OF MY , THE DISCOMFORT THE BOY IS EXPERIENCING REPRESENTS HOW MY PAIN IS CONSTANT AND SHARP..I DON T EXIST TO ANYONE ON TWITTER OR ANYWHERE.??",0.266
"It ha only dawned on me, browsing Instagram, how the rich people do winter.. That is right, they migrate abroad..I am not rich ??",0.5
"I would never kill myself, but I do not think I would do anything to stop death from coming",0.7766700000000001
Today is going be a shit day,1.0
I do not know how I did it but I made the worst ceasar imaginable. And I am the king at making ceasars..,0.25
"Why am i so today, everywhere!",0.0
"Despite every attempt, my outpouring of emotion fails to strike substance and fall to the wind dispersing with the world is other particles.",0.38
Having a day where I hate myself for not perusing art stuff harder being too sad to do anything about that.,0.33
ur all i ever think of.. whyd u have to go.,0.0
"sometimes, you need to pretend that everything is okay even it not.",0.22
how many day of being unable leave bed and do the thing you usually enjoy before alarm bell ring?,0.415
Had a total meltdown on the way home from dinner.,0.33333
There day where I wanna end my life so bad because of my little sister. My parent I call her name and I am spoiled the one but yet she get everything and go into my room take everything. She the one that I am scared also who hurt me the most. .,0.53
In time like this is when I wonder how it will be like to just be by myself??,0.0
This kind of abuse is UNBELIEVABLE and an absolute disgrace. It make me sad to see this dismayed,0.11
xmas is over and apart from my kid happy face it all been a bit meh this year.,0.33333
"When I do not have anything to distract me, I just find myself peering down the balcony and seeing my bloodied self on the ground.",0.33333
I looked for help and I got it. I looked for answer I found it. Now I need to find myself.,0.0
This ha simply been the hardest week n a half of my life. Gotta keep pushing thru. Only more day til I get some answers.,0.22
I am in desperate need of a good hug and a hot cup of coffee. I have no one here to hug me right now and no coffee maker at all.,0.2075
"My dark side is also part of me. Trying to tolerate my irritation. Guess I need some , but how without feeling guilty in child holiday season",0.42857
Sudden feeling of darkness.. Show me the light Ray I am feeling pretty hopeless,0.55333
is never more cruel than when it is felt in close propinquity with someone who ha ceased to communicate. Germaine Greer,0.0825
Today ha not turned out to be a good day.,0.0
How do I find joy and pleasure in life again?,0.0
"America, I love you, but you are bringing me down..",0.0
When you are up - and lose it all because you just cannot stop,1.0
Man it is terrible when your an got a lot of problem more then you can say.,0.55333
Truth is.. I loved you so much. And you broke my heart.,0.165
Maybe the reason I get so in February is the rebound from the,0.22
I am not doing so good ?? I keep overthinking,0.0
Why the hell is no one around when I need them,0.5
Me and Cj just broke up,0.66
Today mark seven year since the Kyadondo terrorist attack where many lost loved ones. We mourn amp pray they continue resting in peace.,0.42857
My God we live in a sick world!,0.5
"Hope everyone ha a good New Years tonight, coz mine gonna be shit!",0.25
I am annoying I tried text my friend she said she wa dealing with something sigh I just need someone talk to,0.0825
"My life ha been a crazy, painful, awful journey full of disappointment, harassment amp abuse",0.16625
No I am not for my life.,0.0
Unrealistic expectation attract disappointment. And that is what you were disappointment sad,0.27666999999999997
Really it wa very sad and shame!!,0.33
so alone so tired so bored so ugly so depressed so so so so so so,0.866
"Sleeping for hour at a time, and fantasizing about way to kill myself.",0.33
Feeling bummed out rn. Family is disappointing and friend are too far away. ??,0.5
Shitty is the worst feeling ever depressed anxiety,0.8325
"Why is it that every one get what I want, I guess whatever..",0.33
Goodnight everyone hope you had a good day! and everything between,0.0
Visited with my ex tonight. Not good.,0.0
Crying with a loud music so no one could hear me,0.66667
I need to get out of this little funk so I can write!! writing funk writerslife depressed,0.415
ok im running out of steam because god im feeling so this morning,0.33333
feeling so alone and misunderstood.,1.0
Just woke up but want to go back sleep.,0.0
I miss my friend so badly ðŸ˜¢,0.665
I am so forlorn there are no word to express it accurately..,0.33
Wanting to be skin ??,0.0
I need to cuddle someone soo bad!,0.33333
hi sorry i have been so inactive lately i have been,0.5
Fed up now ?? why cannot anything be simple an straightforward not in my life,0.0
When you already have everything.. and you still feel lonely.. feeling ..,1.0
I cut today. And I am not proud of it. lmao I feel so edgy putting a depression hashtag. Whateva idc.,0.4
This month ha had to be the worst month out of this year,1.0
Wake me up in March.,0.0
"I am feeling lonely and unproductive these past few days. I have many failed expectation to do something worthwhile. It is been month since I moved to a new city yet I gained no friends, I have not travel to any place like I used to. I need to detox.",0.33333
Always forget about especially lately after suffering with and trying to get better. Also I prefer,0.464
Reality ha set in. I am jobless.,0.0
My Being the nicest I can to other people. And making my bitch this year.,0.0
"Today is just not a good day, look like could not end without giving me a final kick in the as",0.132
stage of my when everything loosing meaning but i dont think i am,0.5
Being extremely over my other half agreeing to divorce instead of coming to peace then someone asks if I am okay..,0.25
"Having a double mastectomy, very painful. Having radiation, never being over the pain. Taking pain killers, a lot of pain. And being diagnosed with Stage- cancer a year later, November st, to November st, . And she died two month later, Jan st, .",0.9575
"Darkness will not fade. It envelope you, crawl under your skin. It stay and never seems to leave.",0.44
When you finally realize your dream may not happen..?? ?? ?? ??,0.0
I always complain about being bored and having no one to hangout with but a soon a someone asks I say no because I have accepted the fact that I love my bed too much to leave it,0.33333
"Yet another all alone, with no family, nobody at all apart from my pets. I just feel like cry",0.915
Bored a fucking shit christmas in a hospital isnt so fucking fun,0.598
I will just stay in bed today,0.66
"And if the Black Dog come for me again this new year, perhaps this time I will have a brighter lantern to face the night.",0.11
I normally do not talk about myself. But i feel like shit. I just lost my challenge match in tennis so now my position is going down. And i would not be so mad if the did not call ball that were on the line. Like come on girl. Stop cheating.,0.6
Why did I just read through my old DMs. Fml,0.0
Where I thought I would be tonight and who I am with are not what I had in mind for Christmas.,0.0
I admit I have been the last hrs. I have barely been smiling and just cannot shake it right now.,0.0
"when i needed a hand, who can i turn to? when this attack who is willing to help?",0.0
I am so depressed right now I do not even know how I am functioning.,0.5
I do not know what lead more to and Getting invalidated or getting ignored with cry for help with .,0.264
Days are really hard. Some of them are excruciating. Sometimes I cannot see the end.,0.33
"Being clinically is not the same thing a having a bad day now and then. It is a relentless, debilitating disease",0.44333
some thing you said kept me up all night.,0.0
I DONT wanna cry or feel sorry for myself. Its just so hard sometimes watching your sick son in the hospital day after day.,0.55333
Talking about my sexuality like it a wildfire.,0.0
OMG my darling best friend is hubbie died today whilst on holiday abroad. shocked tear grief sosad,0.5
I cant have any friend anymore fr. I just got voice banned on xbox and the reason he put wa Killed and danced on me in Fortnite . ??,0.66667
Sister and her boyfriend in one bed and here I am by myself in the other ?? ??,0.0
I guess I hurt everyone I guess I am just fucking liar i cannot take it anymore,0.8866700000000001
When the thing you cut with go dull so you only get good cut in and the rest are just fails. Just fabulous!,0.37375
Have you ever been devoid of touch for so long that even a touch on the shoulder could send you into tears?,0.2
Just you wait and see the girl you once called fat will be the girl you wish you could have,0.0
"Out of the many terrible thing that come with divorce, folding king size sheet alone is close to the top.",0.33333
hate being alone man. alone in life alone in my head it just suck,0.61
I wish I wa successful with woman ??,0.0
"I would like wish everyone a Happy Holidays, but I am alone with no significant other. Fuck me.",0.0
Feeling very very lazy to pack I do not want to go home just yet !! ??,0.33333
Shout out to everyone with preparing to put their mask on pretend to be happy for . Icy bubble all over,0.38
"Almost killed myself, God.. -.-",1.0
"When I say I want to die , they say Let is do it, no one gonna care you anymore It is make me feel pity of my life more. I just want someone to hug me when I cry. But it not gonna happen.",0.25778
"lonely is not being alone, it is the feeling that no one cares. alone depressed anxiety",0.466
As a child I wa scared of monster beneath the bed. Now that I am older I realize the monster Is me.,0.47429
My life I take one day at a time I had more than once I will not let it take over my life,0.66
"About to have a breakdown, I really need a friend",0.33333
"Came up here, a new life, after the last divorce and a year of being in pain. Slowly dissipated, but it is never gone. I have been abandoned again. Lost. Taken away from happiness. But I sure hope Debbie, if there is another world, a heaven, that she is in it.",0.33273
At this point I am just workin to die.,1.0
"PLANNING FOR THE NEW WEEK Failing to plan is planning to fail . In the last few months, I have allowed my depression to control my ability to function. After month of meds, I am finally productive. What your plan for the new week?",0.17922999999999994
"Current mood Jealous of bears.. or Snow White.. or Rumplestiltsken. I just want to sleep for a few months, ok?",0.132
Those day when you wish a hole would open beneath you and swallow you whole so your brain will shut the hell up,0.47429
min apart. In the second pic I have managed to get my mask on before I left to celebrate new years.,0.332
This whole depression fucking suck you can look so happy but still be so down inside your head ??,0.332
I do not want to be alone right now. Please the one man who can help me deal with this. Do not make me go through this alone. I am already so broken.,0.625
In need of an ephemeral relief to,0.33333
"Fellow sufferer I am trying to come off and really struggling, any previous success story to boost me?",0.27666999999999997
hour of sleep in the days? I am dieing,0.0
"Sometimes, no matter what you do, and can swoop in, covering you like a thick storm cloud. For me, those are the time I have to wait it out, go within and draw upon the wisdom of spirit. Still, it can really suck.",0.199
"Smiling had been always natural for me. It wa easy to conjure up on my face. Now it became one of the hardest thing to do in my life, next to living.",0.25
"Next to death, being alone in life is the most feared experience for any human being, regardless of their generational label.",0.66667
GONNA DRINK A BUNCH OF WHISKEY TONIGHT BECAUSE I HAVE AND THE HOLIDAYS GOT ME JK BUT I AM GONNA DRINK WHISKEY,0.0
Looking for good news today..not finding any on Twitter. Bummer. ðŸ˜¢ depressing badnews,0.33333
An hour and minute till come. I am still depressed and hopeless. Feel really shitty.,0.6
I feel like my husband are growing more and more apart.,0.5
I wish life wa simple and painless. Whenever you think you are happy and think you got it all life come and screw you over.,0.55333
"and if you try to stand up for yourself especially when it get too much, you are being rude, and disrespectful. happens.",0.58
"Just woke up because let is be real, cannot be upset or angry if you just sleep all day.",0.2
I always have a reason to be upset and,0.0
"I hate it when someone says, Why are you ? You have nothing to be depressed about? It is chemical! I cannot help it!!",0.415
"Im home . Feeling very low, and unwanted especially by my own family.Feeling very !!",0.33333
I made two loaf of bread and ate half of one for lunch. that is enough productivity for one day,0.25
sorry if i dont reply to dm text ii have only been talking to ry and soph bc i feel depressed so. Yeah ??,0.5
And so we arrive at the eve of the worst month of the year. . Any tip on making January more bearable?,0.4
we mourn the death of our hope today james,0.66667
"After diagnosis the following day, I wa in total denial. How could I be ? Me? My ego denial instructed me to do Reverse search of myself. This time I wa on antidepressant At least I knew what I wa doing. But with a swollen mind",0.18444000000000002
Here I go again.. No sleep lead to overthinking. And now I have to deal with people again.,0.66667
"..I know he would not want me to cry or be , I heard that a million time along the way, but it is easier said then done. Miss him.",0.165
I feel so attacked all the time ??,0.8300000000000001
I truly wonder what is wrong with me? I try my best to do what make you happy yet it doe not. Maybe I am not the one YOU want and it kill me to think that.. maybe you are in love with someone else and not me..,0.18333
"I find it hard today to be grateful for . I had hoped for more progress in my recovery. So, i let you go .",0.066
Feeling kind of blue today. A good acquaintance from long back ha not answered message on any of their medium platform in a while..What happened to them? ??,0.0
sadness cry ðŸ’” dad will never understand his rd child,0.4125
"Internet on point,Channel O on point",0.0
"Given the answer after it doe not matter at the bottom, not a single Christian friend. what now?",0.0
I am in tears. This is so heartbreaking ðŸ˜­,0.0
"Sucks that the only place I can go to if I cannot handle , is the one I do not feel safe in. And the only person I can try to ask help if I need it, is the one I do not trust.",0.38
It is very hard to feel better because it is been so long that I do not remember what better felt like!!,0.3325
"She did not go out with anybody. She died. It is really hard to accept sometimes. I feel lonely. I feel lost. I feel like I do not have anybody there for me anymore.. who can pick up the slack, when I am lacking. I guess that I am glad she is not in pain. I sure miss her.",0.61083
I want to give up. I want to go home. I feel like nothing and I will never heal.,0.25
Thank you everyone for your support. I have been struggling with a lot and you have really helped me feel a bit more human and a bit le alone. I hope you guy are feeling le alone too,0.38
Been super maintaining control not comfort eating toxifying my body Rationally i know i am just hormone cycling but the pain suck so much will take a few wks for endorphin to replenish Chanting sleeping most of week .. Netflix chill in bed .. repeat ..wee!,0.244
Stuck in traffic prime minister narendra modi visit in pune,0.25
How many time I went through Hell? I cannot remember ?? cause I have been there to many time,0.464
"I am going to try and get some sleep. Not sure if i will be on tomorrow,",0.58
Fuck surgery. Fuck laying here watching day pass. I will just sleep through New Year is Eve.,0.0
Depression is like wearing a one of those weighted blankets- make it feel real good to lay in bed for hour but also make it pretty exhausting to do anything outside of that,0.33143
It is not a beautiful day a usual.,1.0
