Text,Label,Score
How the fu*k! Who the heck! moved my fridge!... should I knock the landlord door. #angry #mad ##,anger,0.938
So my Indian Uber driver just called someone the N word. If I wasn't in a moving vehicle I'd have jumped out #disgusted ,anger,0.8959999999999999
@DPD_UK I asked for my parcel to be delivered to a pick up store not my address #fuming #poorcustomerservice,anger,0.8959999999999999
so ef whichever butt wipe pulled the fire alarm in davis bc I was sound asleep #pissed #angry #upset #tired #sad #tired #hangry ######,anger,0.8959999999999999
"Don't join @BTCare they put the phone down on you, talk over you and are rude. Taking money out of my acc willynilly! #fuming",anger,0.8959999999999999
My blood is boiling,anger,0.875
When you've still got a whole season of Wentworth to watch and a stupid cunt in work ruins it for us üò≠üò≠ @__KirstyGA #raging #oldcunt,anger,0.875
"@bt_uk why does tracking show my equipment delivered, when it wasn't? Why is my service suddenly delayed? We've already 3 weeks. #fuming",anger,0.875
"@TeamShanny legit why i am so furious with him, people are such fucking idiots.",anger,0.875
How is it suppose to work if you do that? Wtf dude? Thanks for pissing me off. ,anger,0.875
im so mad about power rangers. im incensed. im furious.,anger,0.667
Wont use using @mothercareuk @Mothercarehelp again!! These guys cant get nothing right!! #fuming,anger,0.8540000000000001
Bitches aggravate like what inspires you to be the biggest cunt known to man kind?,anger,0.8540000000000001
"Why does @dapperlaughs have to come to Glasgow on a night I am working. I am fucking gutted, been waiting for an appearance for ages #raging",anger,0.938
Fuking fuming üò§,anger,0.8540000000000001
Zero help from @ups customer service. Just pushing the buck back and forth and promising callbacks that don‚Äôt happen. #anger #loathing,anger,0.8540000000000001
@ArizonaCoyotes not to mention the GRA guy stops me but let's the 2 ppl in front of me go. WTF. My blood is boiling.,anger,0.8540000000000001
"I hate my lawn mower. If it had a soul, I'd condemn it to the fiery pits of Hell.",anger,0.833
why are people so offended by kendall he ends photo shoot like seriously shut the fuck up,anger,0.833
I'm about to block everyone everywhere posting about the storm. I think everyone is aware of the damn rain and what not so quit. #damn ,anger,0.812
Making my buddy cry !! Bitch wait for revenge ü§óüëåüèª,anger,0.812
Bes! You don't just tell a true blooded hoopjunkie to switch a f*c@n' team that juz destroyed your own team. You juz don't! #insult,anger,0.8909999999999999
I got a NO RESPONSE again from an #irate customer of #amazon üòûüòû\nwhy can't they understand that it's not always amazon fault..\n#carrierfault,anger,0.812
"Tasers immobilize, if you taser someone why the fuck do you need to shoot them one second later?! This is really sick! #rage #wtf  #murder",anger,0.812
"@LeKingCoq @MistaAggy @GiovanniiDC The way my blood is boiling, little bastards!",anger,0.792
Actually fuming I have nothing to wear Saturday,anger,0.792
.@DIVAmagazine than straight people. Even the arse straight guys who think that means a threesome is fine. #angry #fuming,anger,0.792
Bloody parking ticket üòíüí∏ #fuming,anger,0.792
You ever just find that the people around you really irritate you sometimes? That's me right now üòí,anger,0.792
I get so angry at people that don't know that you don't have a stop sign on Francis and you do at Foster #road ,anger,0.792
"This fuck you is boiling up inside, its not gonna be good when I let it out.",anger,0.792
@VodafoneUKhelp @VodafoneUK wow!! My bill is ¬£44.77 and hav a text from u to prove that and you have taken ¬£148!!!!! #swines #fuming #con!,anger,0.792
I blame the whole season on Natalie! The season would have been so different had she not turned her back on her alliance! #pissed ,anger,0.792
Since the 'update' my @iPhone loses power nearly 40% faster.  #furious,anger,0.792
@bringyouhome2 I'm about to fly into a fit of rage it's not FAIR,anger,0.792
Unbelievable takes 10 minutes to get through to @BarclaysUK then there's a fault and the call hangs up #fuming #treatcustomersfairly,anger,0.792
@ggreenwald @SusanSarandon We are blaming 5% of the fucking idiots who are putting the World in the middle of their tantrums. You are one.,anger,0.792
@SunandBeachBum 'you people' infuriate me!,anger,0.792
@rtrn94 Mine is that the party did decide but the party has been slowly transformed into a vengeful hell-cult of white male resentment,anger,0.792
So #angry about my @WishShopping order. 6 #months ago I placed an order of over $500. Card billed. Never #received \n#disappointing,anger,0.7709999999999999
Still can't log into my fucking Snapchat#Snapchat #snap,anger,0.9
@ThomsonCares Sam- yes we have! Not helpful at all! We need this sorting ASAP! You keep promising stuff that doesn't happen!!!! #fuming,anger,0.7709999999999999
"SOMEONE LET SNAKES IN MY HOUSE, I BET IT @Ya_Boi_Huck I KILL THAT BUGGER WHEN I GET MY HANDS ON HIM #rage #HuckFP2",anger,0.7709999999999999
so ef whichever butt wipe pulled the fire alarm in davis bc I was sound asleep #pissed  #upset #tired #sad #tired #hangry ######,anger,0.7709999999999999
"Why does @dapperlaughs have to come to Glasgow on a night I am working. I am fucking gutted, been waiting for an appearance for ages ",anger,0.733
i feel furious,anger,0.7709999999999999
Some Mexican ladies irritate the fuck outta me. Have a their own lil preschool of fucking kids for the welfare &amp; allllat smh.,anger,0.7709999999999999
Still can't log into my fucking Snapchat #Snapchat ,anger,0.7709999999999999
I blame the whole season on Natalie! The season would have been so different had she not turned her back on her alliance! #pissed #bitter,anger,0.7709999999999999
People irritate my MF soul,anger,0.7709999999999999
Im so angry üòÇüôÉ,anger,0.75
People fuckin irritate me,anger,0.75
"@leesyatt you are a cruel, cruel man. #therewillbeblood #revenge",anger,0.84
That way ur so angry you can literally feel ur blood boiling,anger,0.75
@KatzeAnilothei this amount of greedy mooching makes me snarl.,anger,0.75
My mind is raging and i just want to end it all,anger,0.75
Absolutely fuming that some woman jumped into my prebooked taxi and drove off üò°,anger,0.75
I'm nothing but a hateful and bitter fag,anger,0.75
@FitnessFirstAU something needs to be done about people hogging machines - nobody can use 3 machines at one time! #angry #notfair #whypay,anger,0.75
@JrDingy96 Ikr people still got a grudge against him for no reason like wtf?!,anger,0.75
@lynnew69 then he said talking about wills uncontrollable animals when moving to another link. These comments do not help! #fuming,anger,0.75
@paulbushnell25 @EE bad news if ordered online it hasn't gone through same happened to me had to re order on the phone #furious,anger,0.8440000000000001
So angry I wanna cryüò¢üò¢üò¢,anger,0.75
OOOOOOOOH MY GOD UUUUGGGGHHHHHHHHH ,anger,0.75
Boycotting @DunkinDonuts till butter pecan comes back. I am furious,anger,0.75
"In 2016, Black people are STILL fighting to be recognized as human beings. #cantsleep #angry",anger,0.885
my mom cut my phone off and I'm so furious ü§ó,anger,0.75
Once again the only thing on my feed is naay raging about something and my brother filling in all the gaps,anger,0.75
can't believe Achilles killed me! #angry,anger,0.75
I lost a couple niggas I want revenge so put me in coach,anger,0.875
@mjmralph then it's poor packaging my Amazon and the fulfilled seller should be furious as much as you üòï,anger,0.75
Where's your outrage when a black man kills another black man in the streets?,anger,0.75
it makes me so fucking irate jesus. nobody is calling ppl who like hajime abusive stop with the strawmen lmao,anger,0.75
Absolutely fuming I've just scratched all my car üò°üò°üò°üò°üò°üò°,anger,0.75
@Ms_HeartAttack holy shit it just a bee sting like fuck you're not dying,anger,0.5529999999999999
How the fu*k! Who the heck! moved my fridge!... should I knock the landlord door.  #mad ##,anger,0.7290000000000001
I dislike people who get offended by the littlest shit .,anger,0.7290000000000001
"What the fuck am I supposed to do with no lunch, no dinner, no money and I'm off to work #furious #hangry #day5",anger,0.7290000000000001
"@justyne_haley it does. if one person ruins season 13 for me, I will be so angry",anger,0.7290000000000001
"What the fuck am I supposed to do with no lunch, no dinner, no money and I'm off to work  #hangry #day5",anger,0.7290000000000001
@firstleeds not only are your buses unreliable your e ticket app is too unable to get on two buses and late for work #fuming #useless reply,anger,0.8640000000000001
So my Indian Uber driver just called someone the N word. If I wasn't in a moving vehicle I'd have jumped out #disgusted #offended,anger,0.7290000000000001
"The liberal outrage over don king saying the N-word really angers me. The white yuppie progressives can go fuck themselves, shame on blacks",anger,0.863
Just paid for chicken at @panerabread and didn't even get any üòëüòëüòë there goes 4 dollars and me as a customer #angry,anger,0.7290000000000001
but that was a mistake and a half assed excuse and now here i am burning in hell forever,anger,0.7290000000000001
@ManUtd you have had from me over the years is irrelevant. Its an absolute joke. #manutd #ticketing #fuming #noloyalty #joke #notimpressed,anger,0.873
@hollyrobinson__ Part 2-was buzzing for a cheeky squashie or two-this was NOT what i expected.SORT IT OUT! #food #angry  @coopuk @coopukfood,anger,0.5379999999999999
"Tasers immobilize, if you taser someone why the fuck do you need to shoot them one second later?! This is really sick!  #wtf #murder",anger,0.7290000000000001
Bes! You don't just tell a true blooded hoopjunkie to switch a f*c@n' team that juz destroyed your own team. You juz don't! ,anger,0.7290000000000001
@ChurdAllan fucked my coupon that goal! #raging,anger,0.7290000000000001
LVG bribed all the refs against Utd for his own personal revenge. That was a foul you prick.,anger,0.7290000000000001
"Now that the whole clown rage has scared me shitless, I'm gonna go cry in my room",anger,0.7290000000000001
Worst juror ever? Michelle. You were Nicole's biggest threat. #bitter #bb18,anger,0.7290000000000001
Your twitter picture just makes me fume.,anger,0.7290000000000001
"@leesyatt you are a cruel, cruel man. #therewillbeblood ",anger,0.775
"That's really it for my madden career that game sucks , ea sports does a piss poor job every year on that shit",anger,0.867
"@NeoFundie @fitchest Ha. Right. I'm from San Jose, CA, and I was offended right there with you. Dave, go on a walk or something next time.",anger,0.831
@FitnessFirstAU something needs to be done about people hogging machines - nobody can use 3 machines at one time!  #notfair #whypay,anger,0.708
I wonder what American city will be next to protest about police shootings. Who's next? Smh. #whenwillitstop #angry #howmanymoretimes,anger,0.708
@politico @realDonaldTrump another angry white man!,anger,0.708
Have wee pop socks on and they KEEP FALLING OFF INSIDE MY SHOES #rage,anger,0.759
"The majority of people irritate the fuck out of me, cba with people ahahah",anger,0.862
@oscar_perria a multimillionaire spoiled brat who gets In a self righteous huff bc his friend is Muslim is a non starter bye!,anger,0.708
Wont use using @mothercareuk @Mothercarehelp again!! These guys cant get nothing right!! ,anger,0.708
@kingvee_ don't provoke me to anger,anger,0.708
You complain all the time and then wonder why people never want to see you. You acc rile me up. Stfuuu!!!!,anger,0.708
Bloods boiling,anger,0.708
"Leave it on there, rule,nimber 1 of carpet cleaning!!! #furious #worsethananatomicbomb #accidentlyspillbeeronthecarpet",anger,0.708
@DarkLuneFantasy wallah my blood is boiling I need to take a nap ugh,anger,0.8170000000000001
I swear if @devincameron23 blocks me I'm going to hit her back ,anger,0.708
"@jennylhowe I am angry at the student for being a racist, and the teacher for not stopping it, and at the class for letting it go by.",anger,0.708
I'm about to block everyone everywhere posting about the storm. I think everyone is aware of the damn rain and what not so quit. #damn #rage,anger,0.708
I'm just a fuming ball of anger today üôÉ,anger,0.708
I didn't find out about this till today due to my bff telling me. I am so disgusted and offended by this.,anger,0.75
@VerizonSupport thanks for saying My wife and I were getting our iphones today and then losing both of them with no ETA #thanks #angry,anger,0.688
A @FirstBSA not turning up? Why am I not surprised. Late for work again! #fuming,anger,0.688
Police Officers....should NOT have the right to just 'shoot' human beings without provocation. It's wrong.\n\n@ORConservative @MichaelaAngelaD,anger,0.688
angry already,anger,0.688
... flat party and I instantly get bollocked about it. #fuming,anger,0.69
@XemitSellsMagic add tracking but resent them,anger,0.688
@FoxNews @SheriffClarke @FoxNewsInsider This man is an affront to our justice system.,anger,0.688
"SOMEONE LET SNAKES IN MY HOUSE, I BET IT @Ya_Boi_Huck I KILL THAT BUGGER WHEN I GET MY HANDS ON HIM  #HuckFP2",anger,0.764
"@ChronAVT ummm, the blog says 'with Simon Stehr faking 7th'...I'll expect an investigation forthwith. This is an #outrage",anger,0.688
@GroupAnon black armed thug with a record carrying gun illegally gets shot by black cop. #outrage   This is a joke.Let em destroy their town,anger,0.688
..... wakes up and says 'have you tried changing her nappy?' üò°üëäüèº #rage!!!!,anger,0.688
Someone needs to tell Candice she'll be stuck with that shitty pout if the wind changes. #GBBO,anger,0.688
@brian5or6 turn that shit off!   Home Button under Accessibility. \n\nWhen did innovation become mind fuckery? . #iphonePhoneHome,anger,0.688
I just love it when people make plans for me without actually including me in this process #rage,anger,0.688
"@ggreenwald Smh, remove ideologically bankrupt and opportunistic establishment now. They're burning all bridges and social contracts. #anger",anger,0.688
"@brendancoots where's your outrage that your party nominated a lying, corrupt person? And received donations from nations who support terror",anger,0.7659999999999999
@edquinn63 how can you even forget to pick ur fave child up from school #offended,anger,0.688
I get so angry at people that don't know that you don't have a stop sign on Francis and you do at Foster #road #rage,anger,0.688
@soyoprincess they irritate me. Them and their inch thick made up masks,anger,0.667
@ChurdAllan fucked my coupon that goal! ,anger,0.667
How was Natalie one of the top three favorites?! #toofaced and #bitter üôÑ,anger,0.667
@dcexaminer Democrats and their voters have zero tolerance for honesty. They associate honesty with anger and hate.,anger,0.667
@gerfingerpoken #rage?? The #CrookedCourt said #rage MANY times to explain away the brutal killings of #Petits by #Hayes &amp; #Komisarjevsky,anger,0.667
"To'Why can't we brothers protect one another? No one's serious, and it makes me furious. Don't be misled, just think of Fred.' #mayfield",anger,0.578
..... wakes up and says 'have you tried changing her nappy?' üò°üëäüèº !!!!,anger,0.667
@ManUtd you have had from me over the years is irrelevant. Its an absolute joke. #manutd #ticketing  #noloyalty #joke #notimpressed,anger,0.667
All hell is breaking loose in Charlotte. #CharlotteProtest #anger #looting,anger,0.667
There's this Bpharm4 guy Eish that guy brings anger into my life. When I see him nje like darkness fills me @RamatsobaneM will know,anger,0.667
i had an hour of football practice under the boiling sun and now i have 2hr volleyball practice under the BOILING SUN AGAIN,anger,0.667
testing #angry,anger,0.667
@WatcherDev @WarcraftDevs put so much artefact points into fury and cant raid... literally wasted 1 month of my life! Thanks blizzard,anger,0.667
How is it suppose to work if you do that? Wtf dude? Thanks for pissing me off. #furious,anger,0.833
i was angry.,anger,0.667
That feel when you travel 700 miles to pick up a form that arrives in the post two days after you leave. #fume,anger,0.667
@cineworld 'Congratulations your Free 1 month has been activated' Then charges ¬£34.80 the same month. Absolutely furious üò°,anger,0.667
@tmz @HarveyLevinTMZ   Hell hath no fury like a women scorned.    It's the affair.  Not the parenting,anger,0.667
straight people are canoodling on the quad and I'm #offended,anger,0.648
"I can definitely feel my irritation today, lord give me strength",anger,0.667
@RobertTaitWHU against Chelsea anything is possible haha. I'm fuming about that bet üôÑüôÑüôÑüôÑüôÑüôÑ,anger,0.6459999999999999
When you break a record in #madden I wish it didn't say the same shit after every rush like you just broke the record. #shutupphilsimms,anger,0.812
@DFSCare apparently you are to contact me. Sofas were meant to be delivered today. Old ones gone. Sitting on floor. No sofas! #fuming,anger,0.6459999999999999
I have 1000 rabid grizzly bears I'm going to scatter in neighborhoods all over America.\n\nThey're poor refugees!\n\n#InYourNeighborhoodNotDC,anger,0.6459999999999999
@oreillyfactor why dont #blm #thugs want #justice when its black on black #gang crime? They only #rage and cry #racism when its a #cop,anger,0.6459999999999999
@mandyjohnson I'll be honest.. I hope that annoying Southern bint with the 'look at me' pout goes out this week! Selasi #FTW,anger,0.6459999999999999
Zero help from @ups customer service. Just pushing the buck back and forth and promising callbacks that don‚Äôt happen.  #loathing,anger,0.6459999999999999
"@mdivincenzo9 he's stupid, I hate him lol #bitter",anger,0.6459999999999999
@SkyUK what a joke!! Cut our internet off early 'by mistake' and then don't reinstate it when we no longer need an engineer üò° ,anger,0.6459999999999999
"@Slippus @PureGym  yeah I received a fine today which I am furious about, currently appealing it after being a member for so long...",anger,0.6459999999999999
People irritate me üôÑ,anger,0.6459999999999999
Men in rage strike those that wish them best. #rage #emotions #negative #positive #wish #strike #martial #arts #control #believe #best #hope,anger,0.6459999999999999
"In 2016, Black people are STILL fighting to be recognized as human beings. #cantsleep ",anger,0.6459999999999999
I swear if @devincameron23 blocks me I'm going to hit her back #revenge,anger,0.6459999999999999
@SkyUK what a joke!! Cut our internet off early 'by mistake' and then don't reinstate it when we no longer need an engineer üò° #fuming,anger,0.6459999999999999
@RealBD_ @ReyesAverie 47 unarmed blacks killed by white cops in 2015. That many die every month in Chicago wheres the #outrage,anger,0.6459999999999999
"@bt_uk why does tracking show my equipment delivered, when it wasn't? Why is my service suddenly delayed? We've already 3 weeks. ",anger,0.6459999999999999
Does she really need to pout all the time - getting on my nerves #GBBO,anger,0.6459999999999999
Ever put your fist through your laptops screen? If so its time for a new one lmao #rage #anger #hp,anger,0.6459999999999999
@snowangel415 @cjwalters66 Maybe also being attacked by Tom's rabid fans to whom he &amp; his clothes were always perfect also put me off him...,anger,0.6459999999999999
"Dear future big brother players, just chase dick all season and you too can win 500,00 dollars and an Sti #bb18 #bitter",anger,0.6459999999999999
"@VanDashNessa @taotao_salupa5 Nobody in that street burning and looting and terrifying innocent citizens was there, either.",anger,0.556
@Disneyland #nothappy and still #charging the #fullprice üò°üò° #fuming some your #bestrides üò≥üò≥,anger,0.6459999999999999
Forgot to eat dinner and now I'm furious with everything and everyone,anger,0.6459999999999999
the girl sitting in front of me is chewing her gum like a cow &amp; im ready to snap ü§ó,anger,0.6459999999999999
"@sebbyD27850 both are nonsensical. If there's injustice against blacks, why add to it by destroying black property. It's misdirected anger",anger,0.69
Can someone make me a priority list of which things I should be outraged at + in which order?  #racism #animalrights #abortion #cops,anger,0.6459999999999999
@VodafoneUKhelp @VodafoneUK wow!! My bill is ¬£44.77 and hav a text from u to prove that and you have taken ¬£148!!!!! #swines  #con!,anger,0.6459999999999999
You a fuck boy if you run drag routes back to back in madden,anger,0.6459999999999999
I got fever highs\nI got boiling blood,anger,0.6459999999999999
@canada4trumpnow @donlemon he has BAD TEMPERAMENT #tantrums #HissyFits,anger,0.6459999999999999
I can't even right now #bb18 #rage,anger,0.6459999999999999
"@Daniel_Sankey @hayleyp79 Haha.... Actually, after the Doggies I'm barracking for Anyone But GWS! #bitter",anger,0.47200000000000003
Why are people that don't have iPhones so bitter about iPhones???? Can someone explain,anger,0.625
@RonMexico760 The guy who calls people 'cuck' and is anti-BLM is offended by idea that he might not be pro-policing reform? That's amazing.,anger,0.625
@deshbhakthoon always unhappy and easily offended.,anger,0.531
"@SusanHensThe shameful display I watched today has left me reeling with so much anger dt I feel like exploding, those clowns should watch it",anger,0.625
All hell is breaking loose in Charlotte. #CharlotteProtest  #looting,anger,0.625
When you've still got a whole season of Wentworth to watch and a stupid cunt in work ruins it for us üò≠üò≠ @__KirstyGA  #oldcunt,anger,0.625
Half of Epicenter is shut down its police all over y'all I just burst out in tears this is fucking terrible #KeithLamontScott,anger,0.625
Not giving a fuck is better than revenge.,anger,0.625
@winksahoy we about to get shit on by the wrath of winter out of nowhere,anger,0.625
@GrxjicTank WHY though! Why did u want to offend Americans?,anger,0.625
@RealBD_ @ReyesAverie 47 unarmed blacks killed by white cops in 2015. That many die every month in Chicago wheres the ,anger,0.625
@CI  I don't think Monalisa has respect for anyone but herself! I think she'll ruffle a few feathers. #TheJail,anger,0.625
@DPD_UK I asked for my parcel to be delivered to a pick up store not my address  #poorcustomerservice,anger,0.625
Thought the Xbox one s madden bundle would come with a physical copy of madden not a codeüò¥ it's gonna take fucking forever to download lol,anger,0.625
@canada4trumpnow @donlemon he has BAD TEMPERAMENT  #HissyFits,anger,0.625
#My #blood is so #bitter for satan to test #becouse #cleanse by the #blood of #Jesus christ....#amen.,anger,0.5429999999999999
The new gun emoji in iOS10 is not enough to show the anger I have towards a number of things.,anger,0.625
@BigBrother__USA she is just jealous and a cry baby! #bitter #gladsheisgone #crybaby,anger,0.5710000000000001
I just wanna know why there's no outrage for black on black crime and no one knows those victims but BLM is out to kill cops based on media,anger,0.625
Forever angry that gh ruined Molly and morgan's bond/friendship #bitter,anger,0.625
Spurs radio commentator referred to Mauricio Pochettino as 'MoPo' and I felt a sudden surge of rage.,anger,0.625
@sueblue35 @nsoz7 @immortalbulldog huh? We have a sprint coach? We're the slowest team in the comp. Talk about robbing a living. #outrage,anger,0.625
Can't believe I've only got 2 days off left üôÑ #backtoreality #raging,anger,0.625
@Austin4evaLEEDS fuming!,anger,0.625
Taking a break from the #wedding to #rage at the general #stupidity of certain #people on the #internet.,anger,0.625
Ever put your fist through your laptops screen? If so its time for a new one lmao   #hp,anger,0.625
‚Ä¢My brother grabbed me in a aggressive manner and as always @ImpetuousFiend threw tantrums like a kid only knowing how to express himself--,anger,0.625
"Don't join @BTCare they put the phone down on you, talk over you and are rude. Taking money out of my acc willynilly! ",anger,0.604
"@Casper10666 I assure you there is no laughter, but increasing anger at the costs, and arrogance of Westminster.",anger,0.604
"People need a way to escape,escape what?This corrupted world.This reality. This joke.This fury of constant pain &amp; stress.We need a vacation",anger,0.604
I love my black people..... I really really do. But .... my people really do irritate the living hell outta me all cause I'm different. üòë,anger,0.604
I don't talk about politics because people nowadays get offended easily!,anger,0.479
@MannyM83 @DareToReagan oh yeah. I HATE the air raid and I don't like the Oregon/Baylor offense and I'm not a fan of the ole miss one either,anger,0.46799999999999997
"@AskPS_UK not received verification email, asked for it to be resent 5 times still nothing.",anger,0.604
Unbelievable takes 10 minutes to get through to @BarclaysUK then there's a fault and the call hangs up  #treatcustomersfairly,anger,0.604
"@Will_0004 No justification for shooting without provocation, even if the person has a bad history. Justification is not the way to go",anger,0.604
I genuinely think I have anger issues,anger,0.604
@judy_that Im honestly offended,anger,0.604
Michelle is one of the worst players in bb history #bb18 #bbfinale #bitter,anger,0.604
I'm so annoyed/sad YouTube is burning itself to the ground üôÑüôÑ,anger,0.604
"How can I tell Happy Anniversary, when u are not happy.. #bitter #ampalaya #paitpaitanangpeg",anger,0.604
Just paid for chicken at @panerabread and didn't even get any üòëüòëüòë there goes 4 dollars and me as a customer ,anger,0.604
"Never forget that 5Live cancelled programs, to allow them to extend 606 so people could call in and detail their outrage after our behaviour",anger,0.596
When someone rudely says all women should have long hair and your inner feminist tries not to rage,anger,0.604
"Absolutely raging at the changes to CAS, what a joke",anger,0.604
Girls irritate me so much lol,anger,0.527
@LickMeLucas ...I'm waiting for you to figure out I'm like... from 0 to 100 real quick with the irritation.,anger,0.604
@xxmariab listen yh don't provoke me cos I'll make you cry,anger,0.604
@luxbet Did you even give out any pizzas ? Serious fail #hungry #furious #hangry,anger,0.447
Bloody parking ticket üòíüí∏ ,anger,0.583
@DFSCare apparently you are to contact me. Sofas were meant to be delivered today. Old ones gone. Sitting on floor. No sofas! ,anger,0.583
@ThomsonCares Sam- yes we have! Not helpful at all! We need this sorting ASAP! You keep promising stuff that doesn't happen!!!! ,anger,0.583
"They're like the rape apologists who (inadvertently?) make men sound like rabid, mindless beasts. With friends like these...",anger,0.583
And she got all angry telling me 'but what would be doing a 40 year old guy looking for a girl like you' and I felt #offended,anger,0.583
@aGirlHasNo_Name @MdlMurray shot by black police woman Typical looney toon thinking. #Hillary #divide  #chaos,anger,0.583
"@UnitedFrontRev @JuanDeznuts @LucidHurricane_ sex offense happens across ALL races, cultures, and creeds &amp; they should be castrated",anger,0.629
@JasonMillerinDC @realDonaldTrump Prudence suggests that a 8+% bump over 2-3 weeks should be viewed with SKEPTICISM. Media/HRC axis #angry,anger,0.583
@lesyoung01 a rabid dog being ridden by the child who has eaten all the flesh off one fellow and the limbs of the other adults.,anger,0.583
@TheOneSoleShoe that is one thing but attacking and hating is worse - that makes us just like the angry vengeful behavior we detest,anger,0.583
Delete this shit Josh just screenshotted my snap me,anger,0.583
Can someone make me a priority list of which things I should be outraged at + in which order? #outrage #racism #animalrights #abortion #cops,anger,0.583
@CorbettBarr @pjrvs @brianclark true. Just me spitting venom because I'm still bitter with Stripe. Like an old man yelling from his porch.,anger,0.583
i will never watch greys anatomy ever ever ever ever ever again if Shonda Rimes takes away another OG character‚òπÔ∏è‚òπÔ∏è‚òπÔ∏è‚òπÔ∏è‚òπÔ∏è‚òπÔ∏è‚òπÔ∏è‚òπÔ∏è‚òπÔ∏è‚òπÔ∏è #fuming,anger,0.583
I wonder what would happen if I were to tell some people the truth #savage #uhoh #angry,anger,0.583
"You will never find someone who loved you like I did. And that my love, will be my revenge.",anger,0.583
A @FirstBSA not turning up? Why am I not surprised. Late for work again! ,anger,0.583
"If you be #angry, which may be the case, &amp; which may be unavoidable, see that the sudden excitement does not become sin. #AlbertBarnes",anger,0.583
@lemonlover666 'shit' doesn't even begin to describe these fiery little demons straight from hell üåùüåö ;),anger,0.583
I am just so bitter today üòê,anger,0.583
@Hoopdawg87 @MickThePerm Meanwhile white cops keep killing black people. But there's less outrage about that. Strange society that.,anger,0.5
@cc_yandian @HillaryClinton her team must draw from a hat for daily personality #drugged #angry #yeller #quiet #screamer #üòÇüòÇ,anger,0.583
Heading home to cut grass in the heat. All I wanna do is go out to eat somewhere air conditioned. #pout #AdultingIsTheWorst,anger,0.583
OOOOOOOOH MY GOD UUUUGGGGHHHHHHHHH #rage,anger,0.583
i will never watch greys anatomy ever ever ever ever ever again if Shonda Rimes takes away another OG character‚òπÔ∏è‚òπÔ∏è‚òπÔ∏è‚òπÔ∏è‚òπÔ∏è‚òπÔ∏è‚òπÔ∏è‚òπÔ∏è‚òπÔ∏è‚òπÔ∏è ,anger,0.583
@saclivin @MrsCagg specific &amp; intentional way. And part of that intention is to provoke conversation around systemic racism towards blacks.,anger,0.583
@alyssasimpson21 I gave up KENDRICK LAMAR to eat barbecue with him. #bitter,anger,0.583
@lynnew69 then he said talking about wills uncontrollable animals when moving to another link. These comments do not help! ,anger,0.583
@alicehouston18 sorry I'm just angry my drone flew away,anger,0.583
@carefreeash_ id be fuming,anger,0.583
@xandraaa5 @amayaallyn6 shut up hashtags are cool #offended,anger,0.562
@StarklyDark 'I know you trusted me.' His words were soft as he ignored the anger and focused on the hurt beneath. 'I know I screwed up.' --,anger,0.562
I wonder what American city will be next to protest about police shootings. Who's next? Smh. #whenwillitstop  #howmanymoretimes,anger,0.562
Why mfs so bitter,anger,0.562
"im on holiday for the next round, fuming!",anger,0.562
Did we miss the fact that #BurkeRamsey swung &amp;hit his sister #JonBenet in the face with a golf club previously out of a fit of #anger?,anger,0.598
@nytopinion  The point of voting for Trump to push all the pieces off the board game like an angry toddler? Wreck everything for everybody?,anger,0.562
"Like if you aggravate me constantly, byeeeeeeee",anger,0.562
"@Lexual__ @jdspielman10 RIP to the 100s of black men,, women,CHILDREN killed in Chicago. Where is the outrage?",anger,0.562
Inpouring this letter we are dying over against subsist checking quaint virtuoso ways toward fine huff yours l...,anger,0.562
hitting your children as discipline because you're being quite a raging hypocrite if you're not.,anger,0.562
sorry im so #bitter i just. i either want a pure ur or literally any card from the sets i like but every time i draw for the sets i like&gt;,anger,0.562
@DanRather What King says doesn't matter. The fact he came w/ psycho Don is by far more of an affront.,anger,0.562
@JuliaHB1 Bloody right ,anger,0.562
i have so much hw tonight im offended,anger,0.519
Like hello? I am your first born you must always laugh at my jokes. #offended,anger,0.562
"the outrage has passed and has been replaced by a mute, fatalistic acceptance of the current situation.  #fatalism",anger,0.562
Have wee pop socks on and they KEEP FALLING OFF INSIDE MY SHOES ,anger,0.562
and apparently he's supposed to have a Scottish accent??? I'm #offended,anger,0.562
"seek to conduct attacks against Israel, intended to provoke a reaction that would further inflame feeling within the Islamic world‚Äù. ‚Ä¢",anger,0.562
Lost Frequencies/Janieck Devy - Reality (Gestort Aber Geil Remix)' is raging at ShoutDRIVE!,anger,0.562
@EagleGiles23 @tgilmore_92 what I miss? #outrage,anger,0.562
"@AllegedLowbrow It's 'Eye-for-Eye'. Indian Army never forgives, Never Forgets. They always take revenge, Pakistan breaks laws, I.A follows",anger,0.562
Worst juror ever? Michelle. You were Nicole's biggest threat.  #bb18,anger,0.562
luv seeing a man with a scowl on his face walking with a protein shaker clenching his fists. i immediately stop n suck his dick,anger,0.562
Fake people irritate me,anger,0.562
Said it before and I'll say it now: America is really fortunate that black people only want equality and not revenge.,anger,0.562
#Anger or #wrath is an intense emotional response.,anger,0.562
@TaraSetmayer @oliverdarcy AA have the right of passage when it comes to the 'N' word.  Why should he insult him in his church.  Ignorant!,anger,0.562
if we let that in id be fuming poor keeping,anger,0.562
"@LynneGarrison yeah, I've only seen that floated online as a theory, it was probably made up by a bitter stan. I ignore pets v vets crap too",anger,0.562
"@SkyNews when the East wind blue in summer in Durban, S Africa, we still surfed and got #stung badly! Must be carefull-A #sting can harm you",anger,0.562
@LisaAsquithtobe @craig8710 @WayneHaselden @june65wigan everyone is against wigan because we are the biggest club #bitter,anger,0.562
"Because it was a perfect illusion, but at least now I know what it was. #angry #ladygaga #iscalming#mysoul",anger,0.556
Candace &amp; her pout are getting right on my tits #GBBO,anger,0.562
@johnaugust @clmazin I was so looking forward to @ABCDesignated. Then it opened with a #stuartspecial. I literally yelled at my tv. ,anger,0.491
BANG! Gordon #Brown has been accused of abusing a gazillion #rabid parrots!,anger,0.562
"Petition for non-Maghrebi PoC to stop buying 'couscous' from white grocery stores and boiling it. That is not couscous, that is trash.",anger,0.562
ESPN just assumed I wanted their free magazines #offended,anger,0.542
Yo there's a kid on my snap chat from LA &amp; they get high off helium gas lmao.... I am like why the fuck lol,anger,0.542
.@RepDelBene: 'Today's proceedings and the entire process is an insult to our constituents.',anger,0.593
@serendipity127_ @zombiecalorie @Angel_Eyes66 I'm sensing a theme here tho lol #angry,anger,0.542
@kingcharles9th i Lowkey forgot you had twitter and if you don't follow me back im gonna be #offended,anger,0.42100000000000004
... flat party and I instantly get bollocked about it. ,anger,0.542
@everycolorbot more like every color looks the same #triggered #colorblind #offended,anger,0.542
.@DIVAmagazine than straight people. Even the arse straight guys who think that means a threesome is fine.  ,anger,0.517
"@DouthatNYT @jbouie @DamonLinker Yes, it is bad to point out racism lest it provoke the racists.  Some racists do indeed not like it.",anger,0.542
@Deadspin @jrzy_boy This is about him being left off because they wanted to play a heavier game. We needed his offense tho. Amongst others.,anger,0.542
@Idubbbz @LeafyIsHere  I am offended,anger,0.542
"@aroseblush Hello !\nThe bigger the bully, the more crocodile tears. Bullies always act like offended victims.",anger,0.542
@IrishTimesPol @IrishTimes Irish citizens boiling drinking water in 2016 leaves one foot firmly in the bog!,anger,0.542
Candice's pout is gonna take someone eye out mate! #GBBO,anger,0.542
I've always had a weird grudge against stingrays ever since one killed Steve Irwin.,anger,0.542
@jwolfie_ why you gotta use the dark skin emoji #offended,anger,0.525
I'm not saying he might be like big foot but it might be like natural biological father says blood boiling if he cross,anger,0.542
"I really really resent having to go to bed at a sensible hour, you guys. I WANT TO TALK TO MY PEOPLE.",anger,0.542
"@NM_NickNocturne Incentivise people to roam the Internet being morally offended, as if they didn't do it enough already.",anger,0.542
not to be That Person‚Ñ¢ but i get bitter seeing some ravi stans,anger,0.542
"@Darren_Hammer amen, nothing personal mate, just tired of all of the complaining from our fans, it's Been a relentless tirade of misery",anger,0.542
Michelle is one of the worst players in bb history #bb18 #bbfinale ,anger,0.542
Dear Indians..It is hard to swallow this but for once try to swallow this bitter pill...that is.. Pakistan is number one in Test cricket!!!,anger,0.542
"A little nose irritation and a little more chills on my body. I'm so not into flu, into flu, into flu #FallSongs",anger,0.542
"I am #real #sjw, I will not let #america down\nI have found us, now go and get us\nI let it out and I let it in\nI #rage I #lol\n@SergioSarzedo",anger,0.542
Connivers blind to existential fury,anger,0.542
guys irritate me,anger,0.542
#firsttweetever sippin #hotchocolate wondering #why I finally gave in &lt;3 haha #hellloooootwitter - ...its because #facebookisforfamily #rage,anger,0.542
@eNCA what they should be doing is directing their anger to the thieves in government...#corruption #FeesMustFall,anger,0.542
Need a new outlet for #rage,anger,0.542
@swagalini ive been through the denial and anger i am in pure acceptance,anger,0.491
"@SapientSoldier timid but determined version of the rabid beasts beyond the land. Growling beneath my restrained breath, I //rip// myself --",anger,0.542
I'm not used to pretty girls that use curse words to express their anger. I just feel like I'm a little bit surprised and turned off as well,anger,0.542
@TzumiXIV huff puff,anger,0.519
Hell hath not fury like a hamstring cramp. #ouch,anger,0.542
"Actually be arsed with my sister sometimes, she controls the TV 90% of the time and when I watch one thing she gets in a huff üôÑ",anger,0.542
@fireemblemlord it's the first expac since wrath that feels like a proper 'evolution' of the game for me,anger,0.542
@Thebeast_ufc what happened to the suicide tweet it was a joke obviously how could that offend anyone?ü§î,anger,0.542
@paulkrugman relentless echo chamber - negative comments with lots of reverb. Typical bully behavior.,anger,0.542
when you find out the initiative isn't even a thing üòß #revenge,anger,0.542
@djddueces jojo at 12:30 and not midnight lets rage WRYYYYYY,anger,0.542
"I'll happily be rude to people who personally insult me unprovoked, they deserve it üëç Just as good people deserve respect",anger,0.521
That AK47 leave your spine with a frown,anger,0.521
come on let's make em hate üòòmake em pout they face üëøüò©.,anger,0.521
Recommended reading: Prisoners of Hate by Aaron Beck #anger,anger,0.521
@Alanafergusson snap meee,anger,0.521
@KimLy resent,anger,0.521
Forever angry that gh ruined Molly and morgan's bond/friendship ,anger,0.521
#disgracefulesin I resent all men in some way; for some or no reason at all. #esinscountdown,anger,0.521
@TillTheEndMMVI I accidetly dumped boiling water my myself üò´,anger,0.521
"@ggreenwald Smh, remove ideologically bankrupt and opportunistic establishment now. They're burning all bridges and social contracts. ",anger,0.521
As usual disappointing #offense by @HoustonTexans ...#Texans,anger,0.45799999999999996
"@mdivincenzo9 he's stupid, I hate him lol ",anger,0.521
@PuseLepuru it's the irritation of not having found the corpse,anger,0.5
never #make a decision when you are .. #angry &gt;_&lt; .... and never make a #promis when you are #happy :) :*,anger,0.521
@girlsreallyrule Both Trump + King are relentless self-promoters who don't give a rip about anyone else. A perfect match for both Donalds.,anger,0.521
@coltonflurry @StrangeFacesLA I cancelled by CBS all access live feeds before JC even said Vic won AFP. Paul.should have won IMO #bitter,anger,0.517
whenever I put 'I wanna be adored' on my brother alwayss sings 'I wanna be a dog' instead just to irritate me,anger,0.415
@johnaugust @clmazin I was so looking forward to @ABCDesignated. Then it opened with a #stuartspecial. I literally yelled at my tv. #umbrage,anger,0.521
I don't get what point is made when reporting on Charlotte looting @CNNAshleigh. Why not explore what looting businesses symbolizes #outrage,anger,0.5660000000000001
@ArcadianLuthier -- taking out his feelings on Kei unfairly. His lips form a frown as he tries to walk away.,anger,0.521
@laura221b I've left it for my dad to deal with üòÇ My work is done as soon as it's felt the wrath of my slipper üò∑,anger,0.521
"Leave it on there, rule,nimber 1 of carpet cleaning!!!  #worsethananatomicbomb #accidentlyspillbeeronthecarpet",anger,0.521
@m_warner21 Yikes. The wrath of Maddie...,anger,0.521
@Nigerianscamsss @TrillSmith you think I came back to twitter and not ruffle a few bushes? Tuh.,anger,0.521
.@LEAFYSZERKER @markiplier is that an insult? Sounds like a job well done. it's red so it's done the job it was suppose to do #justsaying,anger,0.521
#Hudcomedy #AdamRowe  #insult Slutfaceshlongnugget,anger,0.521
I need some to help with my anger,anger,0.574
"@CBSBigBrother never bring back Meech and Bridgette. Crying because someone looks at you? Ugh, and Bridgette. #bitter",anger,0.521
Hey folks sorry if anything offensive got posted on here yesterday my account got hacked. All fixed now though. I hope :-/  #annoyed,anger,0.521
Now it's time to remove CB from the team somehow. Screw it. Rip the Band-Aid off. It'll sting for a bit but everyone will get over it.,anger,0.521
Candice's pout gets more preposterous by the week. This week it's gone a bit Jack Nicholson's Joker. #GBBO,anger,0.373
@keithboykin unfortunately it won't end there... followers of whichever candidate isn't elected will throw tantrums. No winning this elec,anger,0.521
@cc_yandian @HillaryClinton her team must draw from a hat for daily personality #drugged  #yeller #quiet #screamer #üòÇüòÇ,anger,0.521
Candice's standing pout face aggravates me every week,anger,0.521
Think I really broke young bull hurt üòÇüòÇüò≠üò≠ u can tell by how bitter and mad he is üòäüòäüò©üò©,anger,0.521
@OstinOng YUUUHH üôÑüò≠ plus clin ep and prevmed ugghhh hahaha #bitter,anger,0.521
"@HebertofNH any time a man who got paid to throw temper tantrums speaks up, you gotta listen.",anger,0.521
"As if he heard my thought on the ether, my #ex has just posted #facebook pic of himself snuggling up with said #cats... now Im just #angry",anger,0.521
don't provoke me after letting me down !,anger,0.521
could never be a angry drunk lol yall weirdos just enjoy your time,anger,0.521
"Yet we still have deaths, road rage, &amp; violations on the road, despite a widely accepted concept of 'personal accountability' while driving",anger,0.521
"@SiobhanSynnot  Oh, good God. Quentin Letts is doing one of his 'comedy' turns. #angry @bbcthisweek @afneil #BBCTW",anger,0.5
@Trump_Videos she looks completely #rabid @realDonaldTrump,anger,0.5
Inner conflict happens when we are at odds with ourselves. Honor your values and priorities.  #innerconflict #conflict #values,anger,0.5
"#EpiPen: when public outrage occurs, expand #PAP Patient Assistance Progrm, coupons,rebates .@GOPoversight @OversightDems on #Mylan #Epipen",anger,0.5
Imagine the twitter fume if Corbyn loses the election and then Smith leads Labour to a worse result than suggested under Corbyn.. Imagine??,anger,0.5
"@BosNaud so scared to ruffle feathers, he resorted to writing in cryptic code. #UncleCamsCabin",anger,0.5
"Didn't think Cadres not Getting SRC deployment would make some Cadres so bitter, Ku tough Macom.",anger,0.5
I miss doing nothing someone I care about and attacking their face with kisses. #foreveralone #bitter üò©,anger,0.5
That grudge you're holding keeps making an appearance because #God wants you to deal with it.,anger,0.5
@arppaul @chetanlfc @mannkakhiladi @dey_spandan @umeroffcial  Comparing Akshay Sir with this zandu balm is an insult to Akshay Sir.,anger,0.5
üî•Anger is the acid that can do more harm to the vessel in which it is stored than to anything on which it is poured.üî• #anger \n\n~Mark Twain,anger,0.5
"If I spend more than ¬£10 in shimmy on ¬£1 drinks I'll be raging, but we all know it's gonna happen",anger,0.5
I have a rage rage ep 2 coming out soon I'll keep you posted on it #YouTube #youtubegaming #rage,anger,0.52
"@iamsrk what's up w the gender bias? #indignant This fancypants saddler's daughter will opt for the leather jacket, thank you very much.",anger,0.5
When your sister is 19 and throws legitimate temper tantrums just to get attention..,anger,0.5
@luxbet Did you even give out any pizzas ? Serious fail #hungry  #hangry,anger,0.4
This provocation sets off a curiosity. An entity is feeding fuel to the fire. speaking quatrains. Hmmm America needs to be vigilant now,anger,0.5
@PatVPeters @FreeBeacon Quite the response of retaliation from Weiner in getting revenge on Huma &amp; Hillary 'clam digging'.\n#AllScumbags,anger,0.5
I guess #bradangelina &gt; #anger &gt; #blacklivesmatter,anger,0.5
Now that I have my ex's number now its time to prank him. #revenge #prank #whatprankIshoulddo seriously what prank I should I do,anger,0.5
"Do not despise the Lord ‚Äôs #discipline, do not #resent his rebuke, because the #Lord disciplines those he loves... #Proverbs 3:11-12",anger,0.5
Guy across from me in a really ugly suit cannot stop expressing his displeasure,anger,0.5
Some moving clips on youtube tonight of the vigil held at Tulsa Metropolitan Baptist church for #TerenceCruther #justice #anger #sadness,anger,0.5
I think I must scare my coworkers when I'm eating like a rabid animal on my breaks #srry,anger,0.5
@JuliaHB1 Bloody right #fume,anger,0.5
@RoyEnglish roy as fiery,anger,0.5
Why a puerto Rican with Taino hair and a black nose gotta ruffle your targeted feathers?,anger,0.5
@JasonMillerinDC @realDonaldTrump Prudence suggests that a 8+% bump over 2-3 weeks should be viewed with SKEPTICISM. Media/HRC axis ,anger,0.5
Listening to Joey really helps me and my anger.,anger,0.5
@kerrybowen_ you have anger issues!,anger,0.5
i can't believe they're all messing up my favourite of all bakes i feel personally offended,anger,0.5
I think they may be #offended,anger,0.5
@ashleighjessica @zacflint1 I'd give that pout the firm D,anger,0.5
I am using twitter as a coping mechanism for raging out at this kid oops?,anger,0.5
@AgentTinsley I believe that's what you call the fury of the righteous.,anger,0.5
Ok but I just got called a 'White Devil' on the train and I didnt know whether to laugh or be offended,anger,0.484
#india will take #revenge  by making 3 new movies like #phantom and they will be like #ghus_k_maren_ge this is how indian army take revenge,anger,0.5
@cxmbeferre so you WOULDNT date me????? #offended,anger,0.494
Drop Snapchat names #bored #snap #swap #pics,anger,0.5
Damn our offense is a mix bag of unpredictable lethal weapons I'm worried for Defense Coordinators üòÅ #Chargers #Boltup #Recharged,anger,0.479
the bee sting still suck i feel sick,anger,0.479
I just love it when people make plans for me without actually including me in this process ,anger,0.479
"@healeyraine I'm offended, I actually am",anger,0.479
pressure does burst pipes üò≠,anger,0.479
"@voguemagazine, did you not learn from @FreePeople 's viral insult to ballet? Stop trying to wrongfully stick models into pointe shoes üôÑ",anger,0.479
@realDonaldTrump: No sense in taking out your wrath on innocent people because you think police shot an innocent man. #MakeAmericaSafeAgain,anger,0.479
@GriffinBowie23 @AliMcClimond sorry to #offend u griffin!!,anger,0.479
@JohnKerry can be as indignant as he wants but the world knows Obama will do nothing and Putin will just do what he wants #Aleppo #Syria,anger,0.479
"@sarah_urbina why do you even beef Sara you let the anger get the best of you, you and Sagin been friends for how long?",anger,0.479
"@lydss_xx @tharealversace @fatbellybella fuckin luv incense, this is me as fuck üòÇ",anger,0.479
I screened my own snap what kind of narcissistic ass would smh,anger,0.479
I don't even #feel #anger anymore can't explain it .. #Tulsa #Charlotte #Trayvon #SandraBland #Philando #Ferguson #BatonRouge #MichaelBrown,anger,0.479
@Freepenalties @TMortimerFtbl Doll is a vile creature on the touchline. Every game he has tantrums &amp; shouts at the ref. Would love to see,anger,0.479
@jwolfie_ why you gotta use the dark skin emoji ,anger,0.479
jamming out to fury in math class wanting to die hbu,anger,0.479
"So I wished my sis 12 midnight but received no reply from her. My 2nd sis JUST wished her, got a reply. You know who's the fav #offended",anger,0.479
@evanareteos :)) im now writing abt the changing face of sex industry in tr :))) now men will talk to me then! #revenge,anger,0.479
can't believe Achilles killed me! ,anger,0.479
"@a_mxe7 hah don't speak to me or my cousin like that, mind a had the displeasure of seeing u bare faced on eh train, no a pretty sight mate",anger,0.479
Indignation: [whispers to date during that terrific Lerman/Letts centerpiece scene] That's his overwhelming sense of indignation.,anger,0.479
"@CBSBigBrother never bring back Meech and Bridgette. Crying because someone looks at you? Ugh, and Bridgette. ",anger,0.479
@trendykittykat Some people would rather hang on to their indignant anger. *weary sigh*,anger,0.479
@VerizonSupport thanks for saying My wife and I were getting our iphones today and then losing both of them with no ETA #thanks ,anger,0.479
Thatmoment you're watching #worstcelebritycooks and your bubble is burst by finding out KyleXY is gay and marriedüò≠ #nochance #KindaDontMindüòâ,anger,0.479
Women don't like girls because we resent them for looking so great/we wish we still looked like that  #washed,anger,0.479
Hey folks sorry if anything offensive got posted on here yesterday my account got hacked. All fixed now though. I hope :-/ #angry #annoyed,anger,0.479
"@IndigoHawthorne Then u understand that rage is often not pretty, or controlled or rational - it is often visceral-not always logical.",anger,0.479
"My leg feels like it's gonna burst, yet I'm still expected to go into work:):)",anger,0.33299999999999996
"The best revenge is to move on, get over it, and continue to succeed. Never give someone the satisfaction of watching you suffer.",anger,0.479
Get to work and there's a fire drill. #fire  #outthere #inthedark,anger,0.479
@LaraTheIrish &lt; feel everything. She would remember everything. Evanora hoped this would serve to fuel the creatures anger and run rabid &gt;,anger,0.479
@Kim_is__bored exactly what I have been saying on fb.. #bitter,anger,0.479
Get to work and there's a fire drill. #fire #burning #outthere #inthedark,anger,0.479
@simon_penn_r @AntisocialJW2 has turned into a rather fiery GG radical),anger,0.479
"significantly, with a #bitter smile, 'let me",anger,0.479
@MetPoliceFC is it true none of your players are cops? Do they drink chilled bitter? Are your players Walter Mitty types? @KeviboyAllen,anger,0.479
Brendan Rodgers looks fuming üò≠,anger,0.479
"@ChronAVT ummm, the blog says 'with Simon Stehr faking 7th'...I'll expect an investigation forthwith. This is an ",anger,0.479
My baskets are better when I'm in a bad mood someone irritate me before practice please,anger,0.479
Be chill af if you want to offend someone.,anger,0.479
@DRUDGE_REPORT @FoxNews good thing the FBI didn't offend them!,anger,0.479
you know cyran still hasn't done makeup based on jeongguk's tiddy like i suggested and i'm #offended,anger,0.479
@danrafaelespn no Tyson fury beat the man who been at top for years Danny Garcia should be above Bradley pacquaio frampton,anger,0.479
"So I wished my sis 12 midnight but received no reply from her. My 2nd sis JUST wished her, got a reply. You know who's the fav ",anger,0.479
"@m_t_f_72 I'm not surprised, I would be fuming! üò§",anger,0.479
oh these old things on my face? nah they're not tears from school related anger and frustration nope never,anger,0.479
British humour should offend and challenge mainstream views. Hat off to Clarkeson. The ultra left should go and kneel before Allah!!,anger,0.479
I need all your attention! If I don't I'll pout..,anger,0.479
@AudreyKare i'm like half expecting some rabid troll to come into my mentions accusing me of being a csa apologist or something lmao,anger,0.479
"Because it was a perfect illusion, but at least now I know what it was.  #ladygaga #iscalming#mysoul",anger,0.479
Puzzle investing opening portland feodal population is correlative straight a snorting infuriate: XLzjYhG,anger,0.45799999999999996
"@len_snart gives a frustrated growl, before stepping closer and putting his gun through the barrier. No alarms and nothing happened. He-",anger,0.45799999999999996
@AaronGoodwin seriously dude buy some bubble tape for your phones. #snap broke another phone,anger,0.45799999999999996
When you forget to mention you were bought dreamboys tickets üôÑüòÇ #raging,anger,0.45799999999999996
Now that @Jasmine_Wrn has snapchat back it's a constant battle to see who can get the ugliest snap of one another üòÇüôÉ #snap survival,anger,0.45799999999999996
Nick said he's territorial and he'll growl if someone gets too close to me #hesananimal,anger,0.45799999999999996
"I don't mean to offend anyone, but 93.7 literally blames everything on white people. In some cases it's true, but a lot of times, it's not",anger,0.45799999999999996
He totally knew about it'. Trump finally gets revenge for his son-in-law's prosecution/imprisonment and throws Christie under the bus.,anger,0.45799999999999996
Inner conflict happens when we are at odds with ourselves. Honor your values and priorities. #anger #innerconflict #conflict #values,anger,0.45799999999999996
Are belittling kitty straight a service? provoke lift aboard!: Wycelv,anger,0.45799999999999996
@EAMaddenNFL @EASPORTS I played a game where John Elway was sacked 3x and fumbled all 3x. Is this the same John elway I know of??? #madden,anger,0.45799999999999996
And she got all angry telling me 'but what would be doing a 40 year old guy looking for a girl like you' and I felt ,anger,0.45799999999999996
@BearGrylls for your next series will u do a celebrity firefighting show and just chuck them all in a burning building and do the voiceover?,anger,0.45799999999999996
Like I can't do 12 hours worth of standing or calorie burning in 3 hours üò≠üò≠üò≠üò≠ #1stworldprobs4vs,anger,0.45799999999999996
Before revenge you feel good after revenge you feel worse üíØ @HillaryClinton,anger,0.45799999999999996
I wonder what would happen if I were to tell some people the truth #savage #uhoh ,anger,0.45799999999999996
Take public opinion on revenge with Pakistan if govt is unable to decide. @aajtak @TimesNow @narendramodi,anger,0.45799999999999996
@cxmbeferre so you WOULDNT date me????? ,anger,0.45799999999999996
the teams that face Barca and Bayern after a defeat are the ones who face the wrath,anger,0.45799999999999996
I just don't understand why everyone is so #angry we all just want to live and thrive don't we?,anger,0.45799999999999996
"@kitanoye Hell is hot and boiling, isi ewu",anger,0.45799999999999996
#welfarereform should not be a 'model' for #snap.,anger,0.45799999999999996
@HillaryClinton Yeah U gotta make them HEEL. I know U need their votes so U have to wait. But when U LOSE-they're really in for your wrath !,anger,0.45799999999999996
Well @AprilDRyan Trump's rabid base needs 2 hear this &amp; U can always find an overseer like King to say it.\n@JoyAnnReid @SMShow @frangeladuo,anger,0.45799999999999996
Skipping meals is the national way of showing #disappointment and #anger. #wiz,anger,0.45799999999999996
streets of rage 2 was hard to find for a while and then Itunes stepped in and the guys doing the vinyl \nmade it so simple,anger,0.45799999999999996
@paulbushnell25 @EE bad news if ordered online it hasn't gone through same happened to me had to re order on the phone ,anger,0.45799999999999996
"@UltimateBoxer My heart because you left me for so long again\n\n*slight pout but it turned to a smile*\n\nheheh just kidding, no I'm fine-",anger,0.45799999999999996
why are people so angry toward veggie burgers at in n out wtf,anger,0.45799999999999996
"I mean I'm not done watching the pilot, but it's nice to see a group of actors perform without story lines dripping relentless nihilism.",anger,0.45799999999999996
Checked-in for my flight to Toronto. Took seat 3D just to infuriate @perpetualgeek.,anger,0.45799999999999996
Egyptian officials expressed frustration and outrage over the Obama/Hillary administration‚Äôs support of the Muslim Brotherhood,anger,0.579
@PrincessCasGirl @DaddyEllis__ tiff you better hurry cause üëÄ,anger,0.45799999999999996
"@fleetstreetfox It's buzzing pathetically for sympathy if you let it out it will twirl it's moustache, chuckle and sting you #Psychowasp",anger,0.45799999999999996
matt and i just did a psychological study on provocation in abusive relationships.,anger,0.45799999999999996
@HuffPostUK  NO greater wrath than a woman scorned.,anger,0.45799999999999996
@kencurtin they might get Donal √≥g sure! They won't have him in cork as he's to fiery for dopey frank &amp; his cult,anger,0.45799999999999996
"@LouisFil just curious as to what you mean. No rush, no animosity, no disdain.",anger,0.45799999999999996
@thatomahapa the best revenge is to get yourself a good woman and move on. Leave her and her hairline to figure themselves out alone,anger,0.43799999999999994
"@tamriiel I was talking about further in the expansion, with more gear - fury always does well towards the end",anger,0.441
Who knew softballs could sting so bad? Jimmy Fallon has been under a lot of heat for his &amp;ldquo;softball&amp;rdquo; Donald Trump interview,anger,0.414
@OstinOng YUUUHH üôÑüò≠ plus clin ep and prevmed ugghhh hahaha ,anger,0.43799999999999994
@StrongestBeing ‚Üêwould furrow and her face would redden as she protests; it would seem that being seen as unattractive in Wukong's eyes was‚Üí,anger,0.48100000000000004
Finding out my two best Fwendz are going to rage with me at @lifeisbeautiful makes this last week of no sleep extra worth it,anger,0.43799999999999994
Paul forever. Paul should have won! Paul played such a better game! #BB18 #angry,anger,0.466
@marthalyssa yep. LOL ,anger,0.43799999999999994
@AuntieSupreme @KimberlyCarole y'all found me to express yalls displeasure. üòâ,anger,0.43799999999999994
@1VoiceMatters @MichaelTPremo just got wind of #MenForChoice and it doesn't infuriate me. Just makes me sad for the generation.,anger,0.43799999999999994
Since the 'update' my @iPhone loses power nearly 40% faster. ,anger,0.43799999999999994
The sun literally burning my skin,anger,0.43799999999999994
That feel when you travel 700 miles to pick up a form that arrives in the post two days after you leave. ,anger,0.43799999999999994
@DL_Hart @DonnieDollars @AaronBiggsPro @WWENoWayJose @cwfmidatlantic How did that chop feel? You still feel the sting of it? Looks brutal!,anger,0.462
Chris ate all my mac n cheese so imma eat all his taffy ,anger,0.43799999999999994
"@thomeagle Just to help maintain and boost our status as a world class centre for education, culture and tolerance. #outrage",anger,0.43799999999999994
Chris ate all my mac n cheese so imma eat all his taffy #revenge,anger,0.43799999999999994
It's weird because I was discussing sex resentment and confusion in the thing I was writing last night.,anger,0.43799999999999994
"As if he heard my thought on the ether, my #ex has just posted #facebook pic of himself snuggling up with said #cats... now Im just ",anger,0.43799999999999994
Paul forever. Paul should have won! Paul played such a better game! #BB18 ,anger,0.43799999999999994
@BigBrother__USA she is just jealous and a cry baby!  #gladsheisgone #crybaby,anger,0.43799999999999994
"@clarechampion @Westclarepage and peter your radio piece on off the ball was pure class , no digs , no revenge , a total balanced pro ! üëèüëèüëè",anger,0.43799999999999994
@coltonflurry @StrangeFacesLA I cancelled by CBS all access live feeds before JC even said Vic won AFP. Paul.should have won IMO ,anger,0.43799999999999994
"The best #revenge is to move on, get over it, and continue to #succeed. Never give someone the #satisfaction of watching you #suffer....!!!",anger,0.43799999999999994
"@iStoleFreeHugs @stephlaris lol I'm happy with my negative, realistic ass self. Sorry to offend you",anger,0.43799999999999994
75' Tierney reaches a deep cross to the back post and plays it back across but the Alloa defence clear. Celtic relentless here.,anger,0.43799999999999994
Can't believe I've only got 2 days off left üôÑ #backtoreality ,anger,0.43799999999999994
@vladfucker69 i look rabid,anger,0.47200000000000003
"@thedrepabon BLM was outraged by the shooting in NC the other day, turns out the guy pointed gun at police. Wait for facts before outrage",anger,0.43799999999999994
I get embarrassed at the slightest things and then I'll fret about it all day I hate it,anger,0.43799999999999994
@Sophiejulia @CalebAtChipotle @calebpressleyxo relentless pipe thirst #sheltered,anger,0.43799999999999994
I don't get what point is made when reporting on Charlotte looting @CNNAshleigh. Why not explore what looting businesses symbolizes ,anger,0.43799999999999994
#Taurus will react angrily when she can't take being provoked any longer.,anger,0.43799999999999994
@bismahmalik .....Seems like a fight ready to rage on.....,anger,0.43799999999999994
@WestonKoury so leafy can roast the Pokemon go kid but not you what an outrage that just means that he is more relevant than y-I mean kisses,anger,0.491
"I think Paul is what's bitter, not the pastry",anger,0.49200000000000005
@PatriotsInform I don't see why you think we'll have a dumbed down simplified offense with Brissett. He comes from a very complicated system,anger,0.43799999999999994
"After becoming boiling hot, after slowly melting, my heart is frozen.",anger,0.43799999999999994
@xandraaa5 @amayaallyn6 shut up hashtags are cool ,anger,0.43799999999999994
@hoytschile fury road!!,anger,0.43799999999999994
Realizing that holding a grudge for long is immaturity is wisdom,anger,0.43799999999999994
"@BonesARP 'That is a disappointment.'\n\nHe fakes a pout, then starts to chuckle.",anger,0.43799999999999994
Some moving clips on youtube tonight of the vigil held at Tulsa Metropolitan Baptist church for #TerenceCruther #justice  #sadness,anger,0.43799999999999994
@RegalisAzura \ngrasp the cobalt woman's own; which they did fairly easily. Fair cheeks would ignite into a fiery hue. Warm.. was the only,anger,0.43799999999999994
@billburr DirectTV is the best. Apparently you just sit in silent anger. 'Don't press or say anything',anger,0.41700000000000004
I believe women are more fiery because once a month they go through struggle and struggle is what develops a strong character.,anger,0.41700000000000004
@kingcharles9th i Lowkey forgot you had twitter and if you don't follow me back im gonna be ,anger,0.41700000000000004
"im also definitely still bitter about the yellow ranger not being asian, but asian representation in hollywood is essentially a shrug anyway",anger,0.41700000000000004
Did we miss the fact that #BurkeRamsey swung &amp;hit his sister #JonBenet in the face with a golf club previously out of a fit of ?,anger,0.41700000000000004
@talkRobyn oh dear I have to watch this the woman with the pout did well,anger,0.442
LIFE TIP 101. I know unresolved #anger is likely to cause problems in several areas of my life. I must recognize it &amp; properly deal with it.,anger,0.41700000000000004
"@Sargon_of_Akkad It'll be like burning rap albums; they'll have to buy it first, but gosh darn it, they have to get rid of it.",anger,0.41700000000000004
@Docjp they unleashing God's wrath just as Cain did,anger,0.41700000000000004
@SlaveGuinevere its more of a little prick than a sting .......... but you have to come to Tennessee to get it1,anger,0.41700000000000004
@DeltaDomain @SawDraze @qurions dis dat nigga from fume right?,anger,0.41700000000000004
Projection is perception. See it in someone else? You also at some level have that within you. #anger #worry,anger,0.41700000000000004
"@SageHillfarms @HintonAlisa @hb_heather Hey, Jayme! Were yourüëÇüëÇ burning cuz I was talking about you?üòÅ Are you going tomorrow?",anger,0.41700000000000004
"@savageimiike one of my favorite songs brother, real talk. #rage",anger,0.41700000000000004
Controlling #anger is a sign of those #righteous people promised #Paradise in the #Quran in Surah Al Imran verses 133-134 #reward #goodDeed,anger,0.41700000000000004
@alyssasimpson21 I gave up KENDRICK LAMAR to eat barbecue with him. ,anger,0.41700000000000004
the 1975 are playing antichrist why won't @sundarakarma play hustle it's an outrage,anger,0.41700000000000004
@TDsNation I blame how broken madden is this year,anger,0.41700000000000004
"@MMASOCCERFAN @outmagazine No offense but the only way this makes sense is if you work for the magazine. Otherwise,who are you apologizing 4",anger,0.41700000000000004
Nahhhhhh @konanplaydirty snap story has got me bussing up üòÇüòÇüòÇüòÇüòÇüòÇüòÇüòÇüòÇüòÇüòÇüòÇüòÇüòÇ,anger,0.41700000000000004
"@ticcikasie1 With a frown, she let's out a distraught 'Gardevoir' saying that she wishes she had a trainer",anger,0.41700000000000004
@skinkev let's rage,anger,0.41700000000000004
If i could just get my line to block! #germantownbroncos #lilleague #popwarner #Broncos #usafootball  #lineman,anger,0.41700000000000004
"@BIGGKATZ BUT arms (focused rage) is overpowered, it will be getting nerfed. It'll still be stronger than fury though",anger,0.46799999999999997
"@KevinI @GGGBoxing @SpecialKBrook pretty average, klitschko fury did about 600k and Joshua white did about 450k",anger,0.41700000000000004
"@WBIRSports They're still using his offense, up the middle 3X &amp; punt.",anger,0.41700000000000004
@jessebwatters lol. Love it when you aggravate Juan. Keep up the good work. Lol,anger,0.242
@judahandthelion TONIGHT. Legit can't wait to rage ü§òüèªü§òüèªü§òüèªü§òüèªü§òüèªüî•,anger,0.41700000000000004
"Seeing #RIPShawtyLo got me thinking bout other rappers then I thought about @LilTunechi dying, and burst into tears... Smh",anger,0.41700000000000004
"@donna_bellav @SoniaRayS @gig_aholic He looks especially lovely. Sadly, I do not *removes potentially indignant Mr D from convo*",anger,0.41700000000000004
my momma irritate me asking all these questions like gone üò§,anger,0.41700000000000004
The bubble has officially burst. 98 boys to beat for the trophy and all the glory #wptmain #bye,anger,0.29
"@Daniel_Sankey @hayleyp79 Haha.... Actually, after the Doggies I'm barracking for Anyone But GWS! ",anger,0.41700000000000004
"@feistyarcher -trouble,' he feigned anger and gave her a look that told her to behave. He knew she wouldn't though, and that was one of -",anger,0.41700000000000004
@JBCrewdotcom how his own fans insult him,anger,0.41700000000000004
I offend u,anger,0.41700000000000004
np rum rage,anger,0.41700000000000004
Some bloke on the train who's obviously trying to provoke West Ham fans by loudly slagging off the stadium to his mate on the phone,anger,0.434
#welfarereform should not be a 'model' for .,anger,0.41700000000000004
@TheDTSB @trubble1127 @nflnetwork I agree but our offense was ass after the second half td score on the first drive,anger,0.41700000000000004
"@RealPaulWalker R.I.P Paul, furious 8 can't wait",anger,0.254
"Trumpism likewise rests on a bed of racial resentment that was made knowingly and intentionally, long before Trump got into politics.",anger,0.41700000000000004
"If you let a general tweet offend you, you definitely shouldn't be on twitter.",anger,0.41700000000000004
"As your own lives in order to complete our amazing life journey successfully, it is there. #bitter",anger,0.41700000000000004
@marthalyssa yep. LOL #bitter,anger,0.41700000000000004
straight people are canoodling on the quad and I'm ,anger,0.41700000000000004
remember when that guy got #angry that i kept saying gary sanchez was the best baseball player in the world... lmao,anger,0.41700000000000004
"What's a Kali's kitten? [She asked, a frown curling on her fair skinned forehead as he showed her the scar] A cat did - (@ScarredTiger)",anger,0.41700000000000004
@everycolorbot more like every color looks the same #triggered #colorblind ,anger,0.396
My husband found out there are other rabid hockey fans like me as we waited in line 4 of the 6 window stickers were for SJ NHL/AHL hockey.,anger,0.396
"@ParrishWalton @kjmgolf Also, our best assets on offense are our RB's and our WR's (longterm). Have to have an offense to utilize both.",anger,0.396
@UnknownAndYoung ‚Äî a low growl escaping him. Oh oh.,anger,0.396
@RiotzXVl papercuts sting and stub ur toe last for like 10 secs,anger,0.396
I've been wanting salty fries from McDonald's since yesterday and I'm burning my fingers eating them bc these shits üî•üî•üî•,anger,0.396
Love how Megan is raging about this Kendall Jenner photo and I'm sat here like ü§îüôÉ,anger,0.396
@josephperson Cam is still rattled from the backlash he received when he made the black QB comment and suffered the wrath of White America.,anger,0.396
Because you offended by the lies of Alexandria Goddard doesn't mean that I'm Deric's friend or anything else. Purely a fishin expedition.,anger,0.42700000000000005
"Y'all really insult coz of soccer???  Lmao, wow!!!!!!",anger,0.396
What terrible thing to see and have no vision-\n\nHelen Keller-\n\n-Begin with the end in mind-\n\nStephen Covey-\n\n #whereareugoing ,anger,0.396
@StarFlowerz17 @DreamerAbe #bitter. Nicole and Cory is why she was evicted.,anger,0.396
@rumanaa_r @DaiIyRoasts what did I do to offend you? üôÑüò≠üòÇ,anger,0.396
What terrible thing to see and have no vision-\n\nHelen Keller-\n\n-Begin with the end in mind-\n\nStephen Covey-\n\n#whereareugoing #relentless,anger,0.396
"The bitter the battle, the sweeter the victory...",anger,0.396
i resent biting my tongue.,anger,0.396
You can't fight the elephants until you have wrestled the pigs. #quoteoftheday ,anger,0.396
People often grudge others what they cannot enjoy themselves.,anger,0.396
@SarahMi40605180 @kaileighhxo sorry to burst the bubble but there was never any illusion üôàüòÇüòÇ,anger,0.396
"@jaybusbee Well, not Archie. No offense but he's kinda old.",anger,0.396
Scored madden 13 on vita for $20AU today.  Bloke didn't know what he had. I'd have happily paid $70 ü§ë my only ever bargain! #bargain #vit,anger,0.396
Now they fret about scuffs. I‚Äôll take scuffs (which‚Ä¶come in) for a phone I can use wet handed or drop in a toilet any day.,anger,0.396
"If ydu yell 'fire' in a crowded theater you will burst into flames. It's a cool trick, bu: only once.",anger,0.396
Congress acting indignant over the  #EpiPen pricing is quite disingenuous since they craft the laws that allow such gouging!!,anger,0.396
"@ToddDoug @Ziggomattic Yeah, this actually supports why I tweeted in this thread initially. Because of the article's righteous indignation.",anger,0.396
@WWE is the live event Brock vs Orton 2 this Saturday on the WWE Network? If not it needs to be! :) #wwe @RandyOrton @HeymanHustle #revenge,anger,0.396
@edquinn63 how can you even forget to pick ur fave child up from school ,anger,0.396
"Grateful for all the hungry people in my life! Hungry to learn, change, grow, help, etc - not sure anybody has it better! ",anger,0.396
@St8edge4life88 eh well i can do the sting vs cactus loser leaves wcw match at bash at the beach lol,anger,0.396
@warFarePower dip it in boiling water,anger,0.396
I have a rage rage ep 2 coming out soon I'll keep you posted on it #YouTube #youtubegaming ,anger,0.42200000000000004
"When anger rises, think of the consequences. #quote #wisdom #anger",anger,0.433
New madden kicking üöÆ,anger,0.396
I was going to say that Rooney is a shadow of his former self but I don't want to offend any shadows. #NTFCvMUFC,anger,0.396
When you burst out crying alone and u realize that no one truly knows how unhappy you really are because you don't want anyone to know,anger,0.396
schneiderlin taking his revenge for the 2 fouls,anger,0.396
@JustinRow10 dude the new madden 17? Haha,anger,0.231
you are an angry glass of vodka,anger,0.375
one month til someone's bday and i think it's time to flaunt that I got them something pretty awesome #revenge,anger,0.435
"be strong, independant and practical. stop living in your world of fantasy. snap out of it. the faster u get used to the reality, the better",anger,0.255
Time wounds all heels.\n\n #DrunkJesus #rt #lol #wisdom #quote #comedy #self #Revenge  #hate #time #funny #politics #Trump #POTUS2016,anger,0.375
@TehShockwave turn that grumpy frown upside-down\n\nYou did something next to impossible today,anger,0.375
you know cyran still hasn't done makeup based on jeongguk's tiddy like i suggested and i'm ,anger,0.375
The most important thing to #bestrong is to hold your #anger #thoughts,anger,0.375
Gotta wonder why Caller Max listens to the show in the first place if you so incense him @MSignorile,anger,0.375
I believe I'm gonna start singing in my snap stories on the tractor. Switch it up a little bit.,anger,0.375
doing some testing with my current earth burst team,anger,0.375
"If my luck the rest of Fall goes anything like today, I think I'm going to like this season. #bestdayever #magic #work ",anger,0.375
"also other ppl who i love a whole damn lot; erica, joanna, tiff, sirli, harley, anja, (the rest of the gc bc i ran out of chara!)",anger,0.375
"@sippycoups if it hurts too much to eat, i read somewhere that marshmallows are good bc they are soft and don't irritate",anger,0.375
"‚ÄúDo not fret if you are not cool! Humans who follow me, become instantly cool!‚Äù #Bot",anger,0.375
"@rabpeel snap, seems to be a problem here",anger,0.375
#burning the last of @Yan,anger,0.35600000000000004
Can't wait to be in my Ninja turtle costume raging at OSU again this Halloween üòà,anger,0.375
"@GreyTheTick But even if I jumped through that hoop, it just takes one irate netizen to decide me playing by 'the rules' isn't enough.",anger,0.375
The best revenge is massive success. ‚ÄìFrank Sinatra,anger,0.375
"Despite my sharing O'Neill's article, what saddens me about the Gazza case is there seems to be more fury about the sentence than the remark",anger,0.375
I need to stop second guess myself and just go with the first thought and go with it. #relentless,anger,0.425
We worship at Your feet\nWhere wrath and mercy meet\nAnd a guilty world is washed\nBy love's pure stream\n‚ÄîGraham Kendrick,anger,0.375
"Dear future big brother players, just chase dick all season and you too can win 500,00 dollars and an Sti #bb18 ",anger,0.37
"‚ÄúHe who is slow to anger is better than the mighty, And he who rules his spirit than he who takes a city.‚Äù\nP16:32 #bibleverse #pride #anger",anger,0.314
"Holding a grudge on someone will stop your blessings from God ,learn to forgive &amp; forget üôèüèæ",anger,0.375
Why does Candice constantly pout #GBBO üíÑüòí,anger,0.375
"@pugglelover3691 some of those haters are just taught hate and not shown love. There is a good quote that goes to your comment tiff, treat",anger,0.375
Nor hell a fury like a woman scorned -- William Congreve,anger,0.375
That is at least the 3rd time the balls been burst in our games,anger,0.375
@stoozyboy1 @chris_sutton73 üòÇüòÇ Oh the zombie rage üòÇ,anger,0.375
Prayers &amp; Protection to our brothers and sisters fighting in #Charlotte #rage #against #machines,anger,0.375
@wcsportscamp I lol'ed.  Privileged exasperation should be bottled and sold.,anger,0.375
Finally made my #fury #warrior guide. Let me know your thoughts,anger,0.375
@evanareteos :)) im now writing abt the changing face of sex industry in tr :))) now men will talk to me then! ,anger,0.375
@JustPyroNow are you gonna do any kind of community raids when wrath of the machine drops?,anger,0.375
"Nurse practitioner: 'you look pretty bad. No offense of course.'  \n\nThank you, that really added that spark of positivity I needed today.",anger,0.444
@dlrwills turn that frown upside down buddy üôÉ.,anger,0.375
"@SonOfTheDovah *She could sense the anger stirring within him and took his hand in hers.* As long as we stay together, we'll both be safe.--",anger,0.375
and apparently he's supposed to have a Scottish accent??? I'm ,anger,0.375
"@PerfectQuartz She's jogging a bit to stay beside her, puffing her cheeks with a huff each time. 'Oh-- jeez Jasper, why don't you ‚Äî",anger,0.375
"@RichardHBell Yes, I think he held a grudge ...",anger,0.375
 I can't guess if you holding a grudge against the best',anger,0.425
@JoeGoodmanJr. A solution. But the assumptions by media in articles and every other venue causes animosity to the conversation.,anger,0.354
@LisaAsquithtobe @craig8710 @WayneHaselden @june65wigan everyone is against wigan because we are the biggest club ,anger,0.354
"@lyskoi anyway, I found a short scale today that was perfect for my purposes. soft on the hands, won't aggravate my (now-chronic) tendonitis",anger,0.354
GAMEDAY VS BUFORD TODAY AT 5:30 AT HOME!!!!!!!!! NEVER BEEN SO EXCITED #revenge,anger,0.354
Tonight's #DragRace #AllStars2 episode GAVE ME LIFE! Yaassss queens! #teamalaska #teamkatya #revenge #bwahaha,anger,0.2
@Kim_is__bored exactly what I have been saying on fb.. ,anger,0.354
my wasp sting is so itchy,anger,0.35600000000000004
"-- haired man strides close and watches as the Major flinches away from him, the reaction draws a growl from his throat.  -- (@DocHQuinzel)",anger,0.322
srry my feelings offend u ü§ó,anger,0.354
Sorry to burst your bubble but it isn't that century anymore. Welcome to the 21st century.,anger,0.354
I can't even right now #bb18 ,anger,0.354
Asian Tiger #Mosquitoes are so relentless. More aggressive than the kind I dealt w/as a kid.,anger,0.354
Sometimes the best motivations come from 'proving them wrong' #energy #relentless #MotivationalQuotes,anger,0.354
@LonelyGoomba I wouldn't bring this up if I were you. It's a very touchy subject. And people get way to offended these days,anger,0.32799999999999996
"Are you lost in the fury, fearing that you'll fail?",anger,0.354
I need a üç±sushi dateüçô @AnzalduaG üçùan olive guarded dateüßÄ @lexiereid369 and a üëäüèºRockys dateüçï #tiff,anger,0.354
my alarm clock was ringing this morning n my flatmate knocked on my door and asked if i set anything on fire or if i'm burning alive :) :):),anger,0.354
@The_Nasty_P now you gotta do that with fast n furious,anger,0.354
@notquitefrodo @dominictarason I remember TAs in the gamedev program said he had temper tantrums in class all the time lol,anger,0.354
i love that tay &amp; tiff are just sitting at my house while i'm at work üôÉ,anger,0.354
"‚ÄúHe who is slow to anger is better than the mighty, And he who rules his spirit than he who takes a city.‚Äù\nP16:32 #bibleverse #pride ",anger,0.354
"@MeghanEMurphy Oh gosh, if you get 800+ raging comments from cruise fans, I will just die laughing!",anger,0.354
Skipping meals is the national way of showing #disappointment and . #wiz,anger,0.354
"{Strong hands moving to firmly grope each of @WhimsicallyWild's thighs, squeezing as her digging nails extract a growl from me.}",anger,0.354
@l1ght__eyes u tried boiling em takes years too,anger,0.354
@RLH2606 if u know who died.. I would also burst out crying....\nFrom JOY!!! üòâ,anger,0.354
@CrayonToCrayon @SueScoby \nIt's always fun to anger 'All the Old Dudes.' with Rock N' Roll :)),anger,0.354
being bitter only hurts yourself lmaooo,anger,0.354
Sometimes I think the British political landscape is desolate and then I look over at the foaming wasteland of the US and think we're OK,anger,0.354
A wise man told me that holdin' a grudge is like\nLetting somebody just live inside of your head rent free,anger,0.354
Heading home to cut grass in the heat. All I wanna do is go out to eat somewhere air conditioned.  #AdultingIsTheWorst,anger,0.354
@BarackObama I love Lizzy Warren's latest rage against Wall Street.,anger,0.177
When you forget to mention you were bought dreamboys tickets üôÑüòÇ ,anger,0.354
Praying for the #Lord to keep #anger #hate #jealousy away from your heart is a sign of #maturity #conciseness,anger,0.354
My little sister sure can hold a grudge üòÇüòÇüòÇ,anger,0.33299999999999996
"@ShieldsCap &lt; Steve between his feet, feeling a blush sting his cheeks. 'I can undress myself, thank you very much,' he snapped &gt;",anger,0.33299999999999996
one of the main things im doing w/ 13c is filling in the void of my empty bitter heart by making everything how i wanted it to be growing up,anger,0.33299999999999996
snap music kept me from running into traffic 2005-2007.,anger,0.33299999999999996
"When anger rises, think of the consequences. #quote #wisdom ",anger,0.33299999999999996
Never make a #decision when you're #angry and never make a #promise when you're #happy. #wisewords,anger,0.33299999999999996
Keep in mind. We're all weak. Don't insult people just because they're human.,anger,0.33299999999999996
@TDsNation i watch all your videos but i like madden better!,anger,0.33299999999999996
Projection is perception. See it in someone else? You also at some level have that within you.  #worry,anger,0.33299999999999996
So Rangers v Celtic ll #revenge,anger,0.33299999999999996
@lethargytyler ehhh I guess. I want to everyone I've ever burst out laughing in front ofüòÇ,anger,0.33299999999999996
@kateracculia @themathofyou It's true! I reverse-engineered the drink. It's a scientific method. I hear it's all the rage.,anger,0.33299999999999996
@KodieBurch yesss..apparently you've been popular on snap üôÑ,anger,0.33299999999999996
When a grown adult doesn't drink or has never drank before I just assume they were raised around a raging alcoholic and they want no parts.,anger,0.33299999999999996
@EAMaddenNFL @EASPORTS I played a game where John Elway was sacked 3x and fumbled all 3x. Is this the same John elway I know of??? ,anger,0.33299999999999996
"#Zumba, #PiYo and #HIIT sessions. Sweaty, burning but sooooooo good! #missedoutonsummerbikinibodybutwintersunbodywilldo",anger,0.33299999999999996
@jamiesonhelen @MarianKeyes all three of my agin's on the pout .,anger,0.29600000000000004
Anger is cheap and politeness is expensive. Don't expect everybody to be polite. #ThoughtfulThursday  #politeness,anger,0.33299999999999996
don't give someone power by letting their words offend you,anger,0.33299999999999996
"Rt @yoelamite i need that one back, that whole cd was hard, the one with a #rage flew through, rhyme flow, n the 1 u speak on the dollar",anger,0.33299999999999996
Lot 100 would give Ghandi road rage,anger,0.33299999999999996
@StutteringGiant at least his character in fast and furious pumped some adrenaline into the franchise. But that's about it,anger,0.33299999999999996
"How can I tell Happy Anniversary, when u are not happy..  #ampalaya #paitpaitanangpeg",anger,0.341
I love when @pinksaltwarrior angry tweets bc it makes me laugh but also hate it bc it makes me miss her more,anger,0.33299999999999996
when you find out the initiative isn't even a thing üòß ,anger,0.312
"All this from a cigarette burning in Laura's hand, the angle of her chin, the purse of her lips.'(104) Gorgeous transition!@laurengrodstein",anger,0.312
This all resent #India #Pakistan problem is save #NawazSharif\n@ImranKhanPTI\n@PTIofficial,anger,0.312
#Awareness seek #shelter .#Letgo Old #habit of chasing #desires resultin in #anger #fear #worry .#Choose #Satisfaction within #Peace #Relax,anger,0.312
@RealJeffsdomain Wolfpack theme and trons and sting wore the wolf shirt,anger,0.312
"@MHChat sadness with resentment is the past, sadness with fear is the future. try to live in the now #MHchat",anger,0.172
Anger is cheap and politeness is expensive. Don't expect everybody to be polite. #ThoughtfulThursday #anger #politeness,anger,0.312
@JOjojosiejay or in my case a raging moody cow lol why i buy moody cow socks lol,anger,0.389
I'm just doing what u should b doing just minding my business and grinding relentless @LITO615,anger,0.312
Holding a #grudge doesn't make you #strong; it makes you #bitter. #Forgiving doesn't make you #weak; it sets you #free.,anger,0.312
@pianimadi regarde tes snap,anger,0.312
Standard Candice starting the show with a pout #startasyoumeantogoon #GBBO,anger,0.33
"@Klipto the orange one is #poisonous and #bitter. You shouldn't judge the #blue one by how it looks but by how it tastes, #delicious.",anger,0.312
Who got madden 17 or 2k17 ps4 add TrackdawgT lets run it,anger,0.312
I wish the next madden has a story mode too. Just like Fifa 17 #madden,anger,0.312
@MetsProspectHub @brianpmangan taking offense to acount...he ranks 32 of 36 over last 2 years by SABR,anger,0.312
@justinbieber Thank u Justin for this amazing concert. I can't believe that only u can provoke these thousand smiles these night#BelieveTour,anger,0.312
@The_Boxing_Hub #klitschko @Klitschko over fury any day #boxing,anger,0.312
The best revenge is massive success.,anger,0.312
"Tiangong 1, China's first space laboratory, will come to a fiery end in late 2017. The average decommissioned satellite either burns ...",anger,0.312
Houston might lose a coach tomorrow or by midnight. #yikes ?,anger,0.312
"Well, the lines for Sweden's goals sure sting.",anger,0.312
Don't get #bitter get #BETTER,anger,0.312
Don't be bitter,anger,0.292
Went n a bodega 4 incense lookd @ the sis behind the counter &amp; it was like a mirror she said where u from I said here she said no originally,anger,0.185
Recommended reading: Prisoners of Hate by Aaron Beck ,anger,0.292
@CharlotteBnntt that's the joke. I know it's incense,anger,0.222
Leveled at the half. Much better offense expected in the second half,anger,0.182
@sueblue35 @nsoz7 @immortalbulldog huh? We have a sprint coach? We're the slowest team in the comp. Talk about robbing a living. ,anger,0.292
#firsttweetever sippin #hotchocolate wondering #why I finally gave in &lt;3 haha #hellloooootwitter - ...its because #facebookisforfamily ,anger,0.292
One of my favorite classic cars is the Plymouth fiery.,anger,0.292
"As your own lives in order to complete our amazing life journey successfully, it is there. ",anger,0.35700000000000004
Kik me I want to swap pics I will post on my account anonymously if you wish Kik: vsvplou #Kik #kikme #snap #nudes #tits #snapchat,anger,0.292
Focus on yourself. Don't let other's love define you when you're happy and don't let it make you bitter if you get hurt.,anger,0.292
I wish the next madden has a story mode too. Just like Fifa 17 ,anger,0.292
@ImpugnValkyrie *I frown and cup your cheeks in my hands after you step aside.* Angela I care about you. And I don't know how else I can -,anger,0.304
üò≥The intensity that @sydneyswans play at is extraordinary #relentless #AFLCatsSwans #AFLFinals üèâüëèüèø,anger,0.292
Need a new outlet for ,anger,0.292
I need a üç±sushi dateüçô @AnzalduaG üçùan olive guarded dateüßÄ @lexiereid369 and a üëäüèºRockys dateüçï ,anger,0.271
@leener00 @libbyfloyd1 @G_Eazy my snap is andriaprebles ‚ù§Ô∏è,anger,0.271
Colors of the leaves are- changing.  Heatwaves in LA still- raging.  Lattes made in batches. Visit pumpkin patches. #FallSongs,anger,0.271
@shopgreenwich #ldf16 what shall we do this weekend?  #spraypainting in #greenwichmarket with @SNUB23 #core246 #lilylou #fret &amp; #benoakley,anger,0.271
"It takes a man to suffer ignorance and smile. Be yourself, no matter what they say. ",anger,0.271
"@FrizzeyesJr meeee, i'm lvl 320 and i have not a single relentless",anger,0.271
@_Inferno217_ @PaladinsGame ummm that dragons fury though..,anger,0.271
@NessaMatthews he's perfect. But not even in that way where you sort of resent him or suspect that he leads a double life. Just perfect.,anger,0.271
@jetmissTee I thought I peeped him on your snap. That's the homie ‚úäüèΩ lol,anger,0.271
@pbump @AndyRichter  My heart goes out to that woman for the indignity of what she is sitting through.,anger,0.271
You can't fight the elephants until you have wrestled the pigs. #quoteoftheday #relentless,anger,0.271
@serendipity127_ @zombiecalorie @Angel_Eyes66 I'm sensing a theme here tho lol ,anger,0.271
ESPN just assumed I wanted their free magazines ,anger,0.271
"If my luck the rest of Fall goes anything like today, I think I'm going to like this season. #bestdayever #magic #work #snap",anger,0.271
These #NewEnglandPatriots jerseys look like some whack ones that you tried to make when you made custom jerseys on #madden  04,anger,0.271
@DMAnthonyJoseph @TheClumpany No grudge. Only truth in abundance.,anger,0.271
"@Lesdoggg take me with you!! JK. Have fun, relax, get a massage or two and chill. Don't eat the cucumbers, most places frown on that.",anger,0.271
630am meeting Olympic House #10golds24 .  #neverquit #believe #dreambig #TeamTTO #going4gold,anger,0.271
Houston might lose a coach tomorrow or by midnight.  #yikes #offense?,anger,0.271
It's easy to hold a grudge harder to let go.,anger,0.295
Prayers &amp; Protection to our brothers and sisters fighting in #Charlotte  #against #machines,anger,0.18899999999999997
testing ,anger,0.25
Happiness is the best revenge,anger,0.25
I forgot about this nice area down here with the fiery hearths,anger,0.25
"It takes a man to suffer ignorance and smile. Be yourself, no matter what they say. #sting",anger,0.25
@KingNicky7 also madden isn't the funniest game to watch and if there isn't much happening it's boring,anger,0.25
"Mm, okay. Ham for you and turkey for me.' Gives his hair a ruffle before heading back in the kitchen to set out the &gt;&gt;\n@DarkSithKenobi",anger,0.25
"Oh my. Watching #rage. It's been like, ages",anger,0.25
Like hello? I am your first born you must always laugh at my jokes. ,anger,0.324
Sometimes the best motivations come from 'proving them wrong' #energy  #MotivationalQuotes,anger,0.25
Tonight's #DragRace #AllStars2 episode GAVE ME LIFE! Yaassss queens! #teamalaska #teamkatya  #bwahaha,anger,0.25
and naoto nod she also like tha bands. but she also frown. 'Will the bands 'Papa Roach' be at concert...?',anger,0.22899999999999998
"If someone keeps #laughing at you, don't #fret  . At least u r giving #happiness .'\n#quotes #quotestoliveby",anger,0.22899999999999998
@wesrucker247 sounds like a good game plan for our offense....,anger,0.20199999999999999
The most important thing to #bestrong is to hold your  #thoughts,anger,0.147
So Rangers v Celtic ll ,anger,0.22899999999999998
I think they may be ,anger,0.22899999999999998
I should really study today for chemistry but playing madden is just way more fun.,anger,0.20800000000000002
i love the word fret so much and im in heaven,anger,0.127
@WWE is the live event Brock vs Orton 2 this Saturday on the WWE Network? If not it needs to be! :) #wwe @RandyOrton @HeymanHustle ,anger,0.20800000000000002
Thursdays at 6pm Vespers &amp; Meditation #prayerful #plainsong #multisensory #candles #incense #psalms #music #silence #faithful sing or listen,anger,0.20800000000000002
pray for my boy huff,anger,0.20800000000000002
GAMEDAY VS BUFORD TODAY AT 5:30 AT HOME!!!!!!!!! NEVER BEEN SO EXCITED ,anger,0.20800000000000002
snap: hiAleshia üòÉ,anger,0.20800000000000002
I need to stop second guess myself and just go with the first thought and go with it. ,anger,0.20800000000000002
630am meeting Olympic House #10golds24 .  #relentless #neverquit #believe #dreambig #TeamTTO #going4gold,anger,0.20800000000000002
"@ezlisteningdisc it doesn't offend me but it's just,,, Weird.",anger,0.188
Drop Snapchat names #bored  #swap #pics,anger,0.188
Follow me on Snapchat üëª Carlabtst15 #snapchat ,anger,0.188
"I love when #girls are busy in teaching how to #pout while taking #selfie in a mall , their desication is immense #women love #perfection",anger,0.188
follow my girl tiff she only got 3 followersüíñüíòüíñüíòüíò @00tiffanyr,anger,0.188
@Ms_HeartAttack peanut butter takes away the sting,anger,0.188
hate to see y'all frown but I'd rather see him smiling üíï‚ú®,anger,0.188
@JaredLeto Jared + #snap? üíò,anger,0.188
Kik me I want to swap pics I will post on my account anonymously if you wish Kik: vsvplou #Kik #kikme  #nudes #tits #snapchat,anger,0.188
ordered my vacation bathing suits. one less thing to fret about.,anger,0.188
Cheap pout my brodcast,anger,0.23199999999999998
Ughhh love a clean house and my incense lit aromatherapy,anger,0.26
Follow me on Snapchat üëª Carlabtst15 #snapchat #snap,anger,0.16699999999999998
Vale! Vale! Sip sangria and taste tantalizing tapas @ElCidLA  's fiery flamenco nights! #MinutesFromHoM #SilverLake #LA #Flamenco,anger,0.16699999999999998
"Grateful for all the hungry people in my life! Hungry to learn, change, grow, help, etc - not sure anybody has it better! #relentless",anger,0.16699999999999998
Love the new song I can't stop thinking about you by #sting.,anger,0.16699999999999998
"@thomeagle Just to help maintain and boost our status as a world class centre for education, culture and tolerance. ",anger,0.16699999999999998
"@savageimiike one of my favorite songs brother, real talk. ",anger,0.157
one month til someone's bday and i think it's time to flaunt that I got them something pretty awesome ,anger,0.14300000000000002
@Aurena1701 @AngryOrchard he didn't sting me luckily. He just flew off happy and drunk. Lolololol,anger,0.146
"Ellie just gave me loads of gifts with notes on em for uni n I burst out in tears, I LOVE HERüò©",anger,0.146
@EagleGiles23 @tgilmore_92 what I miss? ,anger,0.146
@Callidissima @ahouseingotham wrath of khan is one of the best movies of all time,anger,0.146
I'm girly in the sense that I always have lashes &amp; nails done but tomboy in the sense that black is my only color &amp; refuse the ruffle life,anger,0.146
Follow up. Follow through. Be #relentless. #success,anger,0.125
@cburt43 turn that frown upside down,anger,0.125
@CorningFootball  IT'S GAME DAY!!!!      T MINUS 14:30 ,anger,0.125
rose incense are the best thing I've ever bought,anger,0.125
@jaaames1993 Literally burst out laughing.,anger,0.067
Follow up. Follow through. Be . #success,anger,0.125
Wrinkles should merely hide where frown have been.  - Mark Twain,anger,0.125
Love the new song I can't stop thinking about you by .,anger,0.083
